Traceback (most recent call last):
  File "/Users/chuck/Project_Alpha_POC/Project_Sequoia/QA_terminal/server.py", line 501, in <module>
    run()
  File "/Users/chuck/Project_Alpha_POC/Project_Sequoia/QA_terminal/server.py", line 492, in run
    server.start()
  File "/Users/chuck/Project_Alpha_POC/Project_Sequoia/QA_terminal/server.py", line 460, in start
    self.server = HTTPServer((self.host, self.port), Handler)
  File "/Library/Developer/CommandLineTools/Library/Frameworks/Python3.framework/Versions/3.9/lib/python3.9/socketserver.py", line 452, in __init__
    self.server_bind()
  File "/Library/Developer/CommandLineTools/Library/Frameworks/Python3.framework/Versions/3.9/lib/python3.9/http/server.py", line 138, in server_bind
    socketserver.TCPServer.server_bind(self)
  File "/Library/Developer/CommandLineTools/Library/Frameworks/Python3.framework/Versions/3.9/lib/python3.9/socketserver.py", line 466, in server_bind
    self.socket.bind(self.server_address)
OSError: [Errno 48] Address already in use
Traceback (most recent call last):
  File "/Users/chuck/Project_Alpha_POC/Project_Sequoia/QA_terminal/server.py", line 501, in <module>
    run()
  File "/Users/chuck/Project_Alpha_POC/Project_Sequoia/QA_terminal/server.py", line 492, in run
    server.start()
  File "/Users/chuck/Project_Alpha_POC/Project_Sequoia/QA_terminal/server.py", line 460, in start
    self.server = HTTPServer((self.host, self.port), Handler)
  File "/Library/Developer/CommandLineTools/Library/Frameworks/Python3.framework/Versions/3.9/lib/python3.9/socketserver.py", line 452, in __init__
    self.server_bind()
  File "/Library/Developer/CommandLineTools/Library/Frameworks/Python3.framework/Versions/3.9/lib/python3.9/http/server.py", line 138, in server_bind
    socketserver.TCPServer.server_bind(self)
  File "/Library/Developer/CommandLineTools/Library/Frameworks/Python3.framework/Versions/3.9/lib/python3.9/socketserver.py", line 466, in server_bind
    self.socket.bind(self.server_address)
OSError: [Errno 48] Address already in use
Traceback (most recent call last):
  File "/Users/chuck/Project_Alpha_POC/Project_Sequoia/QA_terminal/server.py", line 501, in <module>
    run()
  File "/Users/chuck/Project_Alpha_POC/Project_Sequoia/QA_terminal/server.py", line 492, in run
    server.start()
  File "/Users/chuck/Project_Alpha_POC/Project_Sequoia/QA_terminal/server.py", line 460, in start
    self.server = HTTPServer((self.host, self.port), Handler)
  File "/Library/Developer/CommandLineTools/Library/Frameworks/Python3.framework/Versions/3.9/lib/python3.9/socketserver.py", line 452, in __init__
    self.server_bind()
  File "/Library/Developer/CommandLineTools/Library/Frameworks/Python3.framework/Versions/3.9/lib/python3.9/http/server.py", line 138, in server_bind
    socketserver.TCPServer.server_bind(self)
  File "/Library/Developer/CommandLineTools/Library/Frameworks/Python3.framework/Versions/3.9/lib/python3.9/socketserver.py", line 466, in server_bind
    self.socket.bind(self.server_address)
OSError: [Errno 48] Address already in use
Traceback (most recent call last):
  File "/Users/chuck/Project_Alpha_POC/Project_Sequoia/QA_terminal/server.py", line 501, in <module>
    run()
  File "/Users/chuck/Project_Alpha_POC/Project_Sequoia/QA_terminal/server.py", line 492, in run
    server.start()
  File "/Users/chuck/Project_Alpha_POC/Project_Sequoia/QA_terminal/server.py", line 460, in start
    self.server = HTTPServer((self.host, self.port), Handler)
  File "/Library/Developer/CommandLineTools/Library/Frameworks/Python3.framework/Versions/3.9/lib/python3.9/socketserver.py", line 452, in __init__
    self.server_bind()
  File "/Library/Developer/CommandLineTools/Library/Frameworks/Python3.framework/Versions/3.9/lib/python3.9/http/server.py", line 138, in server_bind
    socketserver.TCPServer.server_bind(self)
  File "/Library/Developer/CommandLineTools/Library/Frameworks/Python3.framework/Versions/3.9/lib/python3.9/socketserver.py", line 466, in server_bind
    self.socket.bind(self.server_address)
OSError: [Errno 48] Address already in use
Traceback (most recent call last):
  File "/Users/chuck/Project_Alpha_POC/Project_Sequoia/QA_terminal/server.py", line 501, in <module>
    run()
  File "/Users/chuck/Project_Alpha_POC/Project_Sequoia/QA_terminal/server.py", line 492, in run
    server.start()
  File "/Users/chuck/Project_Alpha_POC/Project_Sequoia/QA_terminal/server.py", line 460, in start
    self.server = HTTPServer((self.host, self.port), Handler)
  File "/Library/Developer/CommandLineTools/Library/Frameworks/Python3.framework/Versions/3.9/lib/python3.9/socketserver.py", line 452, in __init__
    self.server_bind()
  File "/Library/Developer/CommandLineTools/Library/Frameworks/Python3.framework/Versions/3.9/lib/python3.9/http/server.py", line 138, in server_bind
    socketserver.TCPServer.server_bind(self)
  File "/Library/Developer/CommandLineTools/Library/Frameworks/Python3.framework/Versions/3.9/lib/python3.9/socketserver.py", line 466, in server_bind
    self.socket.bind(self.server_address)
OSError: [Errno 48] Address already in use
Traceback (most recent call last):
  File "/Users/chuck/Project_Alpha_POC/Project_Sequoia/QA_terminal/server.py", line 501, in <module>
    run()
  File "/Users/chuck/Project_Alpha_POC/Project_Sequoia/QA_terminal/server.py", line 492, in run
    server.start()
  File "/Users/chuck/Project_Alpha_POC/Project_Sequoia/QA_terminal/server.py", line 460, in start
    self.server = HTTPServer((self.host, self.port), Handler)
  File "/Library/Developer/CommandLineTools/Library/Frameworks/Python3.framework/Versions/3.9/lib/python3.9/socketserver.py", line 452, in __init__
    self.server_bind()
  File "/Library/Developer/CommandLineTools/Library/Frameworks/Python3.framework/Versions/3.9/lib/python3.9/http/server.py", line 138, in server_bind
    socketserver.TCPServer.server_bind(self)
  File "/Library/Developer/CommandLineTools/Library/Frameworks/Python3.framework/Versions/3.9/lib/python3.9/socketserver.py", line 466, in server_bind
    self.socket.bind(self.server_address)
OSError: [Errno 48] Address already in use
Traceback (most recent call last):
  File "/Users/chuck/Project_Alpha_POC/Project_Sequoia/QA_terminal/server.py", line 501, in <module>
    run()
  File "/Users/chuck/Project_Alpha_POC/Project_Sequoia/QA_terminal/server.py", line 492, in run
    server.start()
  File "/Users/chuck/Project_Alpha_POC/Project_Sequoia/QA_terminal/server.py", line 460, in start
    self.server = HTTPServer((self.host, self.port), Handler)
  File "/Library/Developer/CommandLineTools/Library/Frameworks/Python3.framework/Versions/3.9/lib/python3.9/socketserver.py", line 452, in __init__
    self.server_bind()
  File "/Library/Developer/CommandLineTools/Library/Frameworks/Python3.framework/Versions/3.9/lib/python3.9/http/server.py", line 138, in server_bind
    socketserver.TCPServer.server_bind(self)
  File "/Library/Developer/CommandLineTools/Library/Frameworks/Python3.framework/Versions/3.9/lib/python3.9/socketserver.py", line 466, in server_bind
    self.socket.bind(self.server_address)
OSError: [Errno 48] Address already in use
Traceback (most recent call last):
  File "/Users/chuck/Project_Alpha_POC/Project_Sequoia/QA_terminal/server.py", line 501, in <module>
    run()
  File "/Users/chuck/Project_Alpha_POC/Project_Sequoia/QA_terminal/server.py", line 492, in run
    server.start()
  File "/Users/chuck/Project_Alpha_POC/Project_Sequoia/QA_terminal/server.py", line 460, in start
    self.server = HTTPServer((self.host, self.port), Handler)
  File "/Library/Developer/CommandLineTools/Library/Frameworks/Python3.framework/Versions/3.9/lib/python3.9/socketserver.py", line 452, in __init__
    self.server_bind()
  File "/Library/Developer/CommandLineTools/Library/Frameworks/Python3.framework/Versions/3.9/lib/python3.9/http/server.py", line 138, in server_bind
    socketserver.TCPServer.server_bind(self)
  File "/Library/Developer/CommandLineTools/Library/Frameworks/Python3.framework/Versions/3.9/lib/python3.9/socketserver.py", line 466, in server_bind
    self.socket.bind(self.server_address)
OSError: [Errno 48] Address already in use
Traceback (most recent call last):
  File "/Users/chuck/Project_Alpha_POC/Project_Sequoia/QA_terminal/server.py", line 501, in <module>
    run()
  File "/Users/chuck/Project_Alpha_POC/Project_Sequoia/QA_terminal/server.py", line 492, in run
    server.start()
  File "/Users/chuck/Project_Alpha_POC/Project_Sequoia/QA_terminal/server.py", line 460, in start
    self.server = HTTPServer((self.host, self.port), Handler)
  File "/Library/Developer/CommandLineTools/Library/Frameworks/Python3.framework/Versions/3.9/lib/python3.9/socketserver.py", line 452, in __init__
    self.server_bind()
  File "/Library/Developer/CommandLineTools/Library/Frameworks/Python3.framework/Versions/3.9/lib/python3.9/http/server.py", line 138, in server_bind
    socketserver.TCPServer.server_bind(self)
  File "/Library/Developer/CommandLineTools/Library/Frameworks/Python3.framework/Versions/3.9/lib/python3.9/socketserver.py", line 466, in server_bind
    self.socket.bind(self.server_address)
OSError: [Errno 48] Address already in use
Traceback (most recent call last):
  File "/Users/chuck/Project_Alpha_POC/Project_Sequoia/QA_terminal/server.py", line 501, in <module>
    run()
  File "/Users/chuck/Project_Alpha_POC/Project_Sequoia/QA_terminal/server.py", line 492, in run
    server.start()
  File "/Users/chuck/Project_Alpha_POC/Project_Sequoia/QA_terminal/server.py", line 460, in start
    self.server = HTTPServer((self.host, self.port), Handler)
  File "/Library/Developer/CommandLineTools/Library/Frameworks/Python3.framework/Versions/3.9/lib/python3.9/socketserver.py", line 452, in __init__
    self.server_bind()
  File "/Library/Developer/CommandLineTools/Library/Frameworks/Python3.framework/Versions/3.9/lib/python3.9/http/server.py", line 138, in server_bind
    socketserver.TCPServer.server_bind(self)
  File "/Library/Developer/CommandLineTools/Library/Frameworks/Python3.framework/Versions/3.9/lib/python3.9/socketserver.py", line 466, in server_bind
    self.socket.bind(self.server_address)
OSError: [Errno 48] Address already in use
Traceback (most recent call last):
  File "/Users/chuck/Project_Alpha_POC/Project_Sequoia/QA_terminal/server.py", line 501, in <module>
    run()
  File "/Users/chuck/Project_Alpha_POC/Project_Sequoia/QA_terminal/server.py", line 492, in run
    server.start()
  File "/Users/chuck/Project_Alpha_POC/Project_Sequoia/QA_terminal/server.py", line 460, in start
    self.server = HTTPServer((self.host, self.port), Handler)
  File "/Library/Developer/CommandLineTools/Library/Frameworks/Python3.framework/Versions/3.9/lib/python3.9/socketserver.py", line 452, in __init__
    self.server_bind()
  File "/Library/Developer/CommandLineTools/Library/Frameworks/Python3.framework/Versions/3.9/lib/python3.9/http/server.py", line 138, in server_bind
    socketserver.TCPServer.server_bind(self)
  File "/Library/Developer/CommandLineTools/Library/Frameworks/Python3.framework/Versions/3.9/lib/python3.9/socketserver.py", line 466, in server_bind
    self.socket.bind(self.server_address)
OSError: [Errno 48] Address already in use
Traceback (most recent call last):
  File "/Users/chuck/Project_Alpha_POC/Project_Sequoia/QA_terminal/server.py", line 501, in <module>
    run()
  File "/Users/chuck/Project_Alpha_POC/Project_Sequoia/QA_terminal/server.py", line 492, in run
    server.start()
  File "/Users/chuck/Project_Alpha_POC/Project_Sequoia/QA_terminal/server.py", line 460, in start
    self.server = HTTPServer((self.host, self.port), Handler)
  File "/Library/Developer/CommandLineTools/Library/Frameworks/Python3.framework/Versions/3.9/lib/python3.9/socketserver.py", line 452, in __init__
    self.server_bind()
  File "/Library/Developer/CommandLineTools/Library/Frameworks/Python3.framework/Versions/3.9/lib/python3.9/http/server.py", line 138, in server_bind
    socketserver.TCPServer.server_bind(self)
  File "/Library/Developer/CommandLineTools/Library/Frameworks/Python3.framework/Versions/3.9/lib/python3.9/socketserver.py", line 466, in server_bind
    self.socket.bind(self.server_address)
OSError: [Errno 48] Address already in use
Traceback (most recent call last):
  File "/Users/chuck/Project_Alpha_POC/Project_Sequoia/QA_terminal/server.py", line 501, in <module>
    run()
  File "/Users/chuck/Project_Alpha_POC/Project_Sequoia/QA_terminal/server.py", line 492, in run
    server.start()
  File "/Users/chuck/Project_Alpha_POC/Project_Sequoia/QA_terminal/server.py", line 460, in start
    self.server = HTTPServer((self.host, self.port), Handler)
  File "/Library/Developer/CommandLineTools/Library/Frameworks/Python3.framework/Versions/3.9/lib/python3.9/socketserver.py", line 452, in __init__
    self.server_bind()
  File "/Library/Developer/CommandLineTools/Library/Frameworks/Python3.framework/Versions/3.9/lib/python3.9/http/server.py", line 138, in server_bind
    socketserver.TCPServer.server_bind(self)
  File "/Library/Developer/CommandLineTools/Library/Frameworks/Python3.framework/Versions/3.9/lib/python3.9/socketserver.py", line 466, in server_bind
    self.socket.bind(self.server_address)
OSError: [Errno 48] Address already in use
Traceback (most recent call last):
  File "/Users/chuck/Project_Alpha_POC/Project_Sequoia/QA_terminal/server.py", line 501, in <module>
    run()
  File "/Users/chuck/Project_Alpha_POC/Project_Sequoia/QA_terminal/server.py", line 492, in run
    server.start()
  File "/Users/chuck/Project_Alpha_POC/Project_Sequoia/QA_terminal/server.py", line 460, in start
    self.server = HTTPServer((self.host, self.port), Handler)
  File "/Library/Developer/CommandLineTools/Library/Frameworks/Python3.framework/Versions/3.9/lib/python3.9/socketserver.py", line 452, in __init__
    self.server_bind()
  File "/Library/Developer/CommandLineTools/Library/Frameworks/Python3.framework/Versions/3.9/lib/python3.9/http/server.py", line 138, in server_bind
    socketserver.TCPServer.server_bind(self)
  File "/Library/Developer/CommandLineTools/Library/Frameworks/Python3.framework/Versions/3.9/lib/python3.9/socketserver.py", line 466, in server_bind
    self.socket.bind(self.server_address)
OSError: [Errno 48] Address already in use
Traceback (most recent call last):
  File "/Users/chuck/Project_Alpha_POC/Project_Sequoia/QA_terminal/server.py", line 501, in <module>
    run()
  File "/Users/chuck/Project_Alpha_POC/Project_Sequoia/QA_terminal/server.py", line 492, in run
    server.start()
  File "/Users/chuck/Project_Alpha_POC/Project_Sequoia/QA_terminal/server.py", line 460, in start
    self.server = HTTPServer((self.host, self.port), Handler)
  File "/Library/Developer/CommandLineTools/Library/Frameworks/Python3.framework/Versions/3.9/lib/python3.9/socketserver.py", line 452, in __init__
    self.server_bind()
  File "/Library/Developer/CommandLineTools/Library/Frameworks/Python3.framework/Versions/3.9/lib/python3.9/http/server.py", line 138, in server_bind
    socketserver.TCPServer.server_bind(self)
  File "/Library/Developer/CommandLineTools/Library/Frameworks/Python3.framework/Versions/3.9/lib/python3.9/socketserver.py", line 466, in server_bind
    self.socket.bind(self.server_address)
OSError: [Errno 48] Address already in use
Traceback (most recent call last):
  File "/Users/chuck/Project_Alpha_POC/Project_Sequoia/QA_terminal/server.py", line 501, in <module>
    run()
  File "/Users/chuck/Project_Alpha_POC/Project_Sequoia/QA_terminal/server.py", line 492, in run
    server.start()
  File "/Users/chuck/Project_Alpha_POC/Project_Sequoia/QA_terminal/server.py", line 460, in start
    self.server = HTTPServer((self.host, self.port), Handler)
  File "/Library/Developer/CommandLineTools/Library/Frameworks/Python3.framework/Versions/3.9/lib/python3.9/socketserver.py", line 452, in __init__
    self.server_bind()
  File "/Library/Developer/CommandLineTools/Library/Frameworks/Python3.framework/Versions/3.9/lib/python3.9/http/server.py", line 138, in server_bind
    socketserver.TCPServer.server_bind(self)
  File "/Library/Developer/CommandLineTools/Library/Frameworks/Python3.framework/Versions/3.9/lib/python3.9/socketserver.py", line 466, in server_bind
    self.socket.bind(self.server_address)
OSError: [Errno 48] Address already in use
Traceback (most recent call last):
  File "/Users/chuck/Project_Alpha_POC/Project_Sequoia/QA_terminal/server.py", line 501, in <module>
    run()
  File "/Users/chuck/Project_Alpha_POC/Project_Sequoia/QA_terminal/server.py", line 492, in run
    server.start()
  File "/Users/chuck/Project_Alpha_POC/Project_Sequoia/QA_terminal/server.py", line 460, in start
    self.server = HTTPServer((self.host, self.port), Handler)
  File "/Library/Developer/CommandLineTools/Library/Frameworks/Python3.framework/Versions/3.9/lib/python3.9/socketserver.py", line 452, in __init__
    self.server_bind()
  File "/Library/Developer/CommandLineTools/Library/Frameworks/Python3.framework/Versions/3.9/lib/python3.9/http/server.py", line 138, in server_bind
    socketserver.TCPServer.server_bind(self)
  File "/Library/Developer/CommandLineTools/Library/Frameworks/Python3.framework/Versions/3.9/lib/python3.9/socketserver.py", line 466, in server_bind
    self.socket.bind(self.server_address)
OSError: [Errno 48] Address already in use
Traceback (most recent call last):
  File "/Users/chuck/Project_Alpha_POC/Project_Sequoia/QA_terminal/server.py", line 501, in <module>
    run()
  File "/Users/chuck/Project_Alpha_POC/Project_Sequoia/QA_terminal/server.py", line 492, in run
    server.start()
  File "/Users/chuck/Project_Alpha_POC/Project_Sequoia/QA_terminal/server.py", line 460, in start
    self.server = HTTPServer((self.host, self.port), Handler)
  File "/Library/Developer/CommandLineTools/Library/Frameworks/Python3.framework/Versions/3.9/lib/python3.9/socketserver.py", line 452, in __init__
    self.server_bind()
  File "/Library/Developer/CommandLineTools/Library/Frameworks/Python3.framework/Versions/3.9/lib/python3.9/http/server.py", line 138, in server_bind
    socketserver.TCPServer.server_bind(self)
  File "/Library/Developer/CommandLineTools/Library/Frameworks/Python3.framework/Versions/3.9/lib/python3.9/socketserver.py", line 466, in server_bind
    self.socket.bind(self.server_address)
OSError: [Errno 48] Address already in use
Traceback (most recent call last):
  File "/Users/chuck/Project_Alpha_POC/Project_Sequoia/QA_terminal/server.py", line 501, in <module>
    run()
  File "/Users/chuck/Project_Alpha_POC/Project_Sequoia/QA_terminal/server.py", line 492, in run
    server.start()
  File "/Users/chuck/Project_Alpha_POC/Project_Sequoia/QA_terminal/server.py", line 460, in start
    self.server = HTTPServer((self.host, self.port), Handler)
  File "/Library/Developer/CommandLineTools/Library/Frameworks/Python3.framework/Versions/3.9/lib/python3.9/socketserver.py", line 452, in __init__
    self.server_bind()
  File "/Library/Developer/CommandLineTools/Library/Frameworks/Python3.framework/Versions/3.9/lib/python3.9/http/server.py", line 138, in server_bind
    socketserver.TCPServer.server_bind(self)
  File "/Library/Developer/CommandLineTools/Library/Frameworks/Python3.framework/Versions/3.9/lib/python3.9/socketserver.py", line 466, in server_bind
    self.socket.bind(self.server_address)
OSError: [Errno 48] Address already in use
Traceback (most recent call last):
  File "/Users/chuck/Project_Alpha_POC/Project_Sequoia/QA_terminal/server.py", line 501, in <module>
    run()
  File "/Users/chuck/Project_Alpha_POC/Project_Sequoia/QA_terminal/server.py", line 492, in run
    server.start()
  File "/Users/chuck/Project_Alpha_POC/Project_Sequoia/QA_terminal/server.py", line 460, in start
    self.server = HTTPServer((self.host, self.port), Handler)
  File "/Library/Developer/CommandLineTools/Library/Frameworks/Python3.framework/Versions/3.9/lib/python3.9/socketserver.py", line 452, in __init__
    self.server_bind()
  File "/Library/Developer/CommandLineTools/Library/Frameworks/Python3.framework/Versions/3.9/lib/python3.9/http/server.py", line 138, in server_bind
    socketserver.TCPServer.server_bind(self)
  File "/Library/Developer/CommandLineTools/Library/Frameworks/Python3.framework/Versions/3.9/lib/python3.9/socketserver.py", line 466, in server_bind
    self.socket.bind(self.server_address)
OSError: [Errno 48] Address already in use
Traceback (most recent call last):
  File "/Users/chuck/Project_Alpha_POC/Project_Sequoia/QA_terminal/server.py", line 501, in <module>
    run()
  File "/Users/chuck/Project_Alpha_POC/Project_Sequoia/QA_terminal/server.py", line 492, in run
    server.start()
  File "/Users/chuck/Project_Alpha_POC/Project_Sequoia/QA_terminal/server.py", line 460, in start
    self.server = HTTPServer((self.host, self.port), Handler)
  File "/Library/Developer/CommandLineTools/Library/Frameworks/Python3.framework/Versions/3.9/lib/python3.9/socketserver.py", line 452, in __init__
    self.server_bind()
  File "/Library/Developer/CommandLineTools/Library/Frameworks/Python3.framework/Versions/3.9/lib/python3.9/http/server.py", line 138, in server_bind
    socketserver.TCPServer.server_bind(self)
  File "/Library/Developer/CommandLineTools/Library/Frameworks/Python3.framework/Versions/3.9/lib/python3.9/socketserver.py", line 466, in server_bind
    self.socket.bind(self.server_address)
OSError: [Errno 48] Address already in use
Traceback (most recent call last):
  File "/Users/chuck/Project_Alpha_POC/Project_Sequoia/QA_terminal/server.py", line 501, in <module>
    run()
  File "/Users/chuck/Project_Alpha_POC/Project_Sequoia/QA_terminal/server.py", line 492, in run
    server.start()
  File "/Users/chuck/Project_Alpha_POC/Project_Sequoia/QA_terminal/server.py", line 460, in start
    self.server = HTTPServer((self.host, self.port), Handler)
  File "/Library/Developer/CommandLineTools/Library/Frameworks/Python3.framework/Versions/3.9/lib/python3.9/socketserver.py", line 452, in __init__
    self.server_bind()
  File "/Library/Developer/CommandLineTools/Library/Frameworks/Python3.framework/Versions/3.9/lib/python3.9/http/server.py", line 138, in server_bind
    socketserver.TCPServer.server_bind(self)
  File "/Library/Developer/CommandLineTools/Library/Frameworks/Python3.framework/Versions/3.9/lib/python3.9/socketserver.py", line 466, in server_bind
    self.socket.bind(self.server_address)
OSError: [Errno 48] Address already in use
Traceback (most recent call last):
  File "/Users/chuck/Project_Alpha_POC/Project_Sequoia/QA_terminal/server.py", line 501, in <module>
    run()
  File "/Users/chuck/Project_Alpha_POC/Project_Sequoia/QA_terminal/server.py", line 492, in run
    server.start()
  File "/Users/chuck/Project_Alpha_POC/Project_Sequoia/QA_terminal/server.py", line 460, in start
    self.server = HTTPServer((self.host, self.port), Handler)
  File "/Library/Developer/CommandLineTools/Library/Frameworks/Python3.framework/Versions/3.9/lib/python3.9/socketserver.py", line 452, in __init__
    self.server_bind()
  File "/Library/Developer/CommandLineTools/Library/Frameworks/Python3.framework/Versions/3.9/lib/python3.9/http/server.py", line 138, in server_bind
    socketserver.TCPServer.server_bind(self)
  File "/Library/Developer/CommandLineTools/Library/Frameworks/Python3.framework/Versions/3.9/lib/python3.9/socketserver.py", line 466, in server_bind
    self.socket.bind(self.server_address)
OSError: [Errno 48] Address already in use
Traceback (most recent call last):
  File "/Users/chuck/Project_Alpha_POC/Project_Sequoia/QA_terminal/server.py", line 501, in <module>
    run()
  File "/Users/chuck/Project_Alpha_POC/Project_Sequoia/QA_terminal/server.py", line 492, in run
    server.start()
  File "/Users/chuck/Project_Alpha_POC/Project_Sequoia/QA_terminal/server.py", line 460, in start
    self.server = HTTPServer((self.host, self.port), Handler)
  File "/Library/Developer/CommandLineTools/Library/Frameworks/Python3.framework/Versions/3.9/lib/python3.9/socketserver.py", line 452, in __init__
    self.server_bind()
  File "/Library/Developer/CommandLineTools/Library/Frameworks/Python3.framework/Versions/3.9/lib/python3.9/http/server.py", line 138, in server_bind
    socketserver.TCPServer.server_bind(self)
  File "/Library/Developer/CommandLineTools/Library/Frameworks/Python3.framework/Versions/3.9/lib/python3.9/socketserver.py", line 466, in server_bind
    self.socket.bind(self.server_address)
OSError: [Errno 48] Address already in use
Traceback (most recent call last):
  File "/Users/chuck/Project_Alpha_POC/Project_Sequoia/QA_terminal/server.py", line 501, in <module>
    run()
  File "/Users/chuck/Project_Alpha_POC/Project_Sequoia/QA_terminal/server.py", line 492, in run
    server.start()
  File "/Users/chuck/Project_Alpha_POC/Project_Sequoia/QA_terminal/server.py", line 460, in start
    self.server = HTTPServer((self.host, self.port), Handler)
  File "/Library/Developer/CommandLineTools/Library/Frameworks/Python3.framework/Versions/3.9/lib/python3.9/socketserver.py", line 452, in __init__
    self.server_bind()
  File "/Library/Developer/CommandLineTools/Library/Frameworks/Python3.framework/Versions/3.9/lib/python3.9/http/server.py", line 138, in server_bind
    socketserver.TCPServer.server_bind(self)
  File "/Library/Developer/CommandLineTools/Library/Frameworks/Python3.framework/Versions/3.9/lib/python3.9/socketserver.py", line 466, in server_bind
    self.socket.bind(self.server_address)
OSError: [Errno 48] Address already in use
Traceback (most recent call last):
  File "/Users/chuck/Project_Alpha_POC/Project_Sequoia/QA_terminal/server.py", line 501, in <module>
    run()
  File "/Users/chuck/Project_Alpha_POC/Project_Sequoia/QA_terminal/server.py", line 492, in run
    server.start()
  File "/Users/chuck/Project_Alpha_POC/Project_Sequoia/QA_terminal/server.py", line 460, in start
    self.server = HTTPServer((self.host, self.port), Handler)
  File "/Library/Developer/CommandLineTools/Library/Frameworks/Python3.framework/Versions/3.9/lib/python3.9/socketserver.py", line 452, in __init__
    self.server_bind()
  File "/Library/Developer/CommandLineTools/Library/Frameworks/Python3.framework/Versions/3.9/lib/python3.9/http/server.py", line 138, in server_bind
    socketserver.TCPServer.server_bind(self)
  File "/Library/Developer/CommandLineTools/Library/Frameworks/Python3.framework/Versions/3.9/lib/python3.9/socketserver.py", line 466, in server_bind
    self.socket.bind(self.server_address)
OSError: [Errno 48] Address already in use
Traceback (most recent call last):
  File "/Users/chuck/Project_Alpha_POC/Project_Sequoia/QA_terminal/server.py", line 501, in <module>
    run()
  File "/Users/chuck/Project_Alpha_POC/Project_Sequoia/QA_terminal/server.py", line 492, in run
    server.start()
  File "/Users/chuck/Project_Alpha_POC/Project_Sequoia/QA_terminal/server.py", line 460, in start
    self.server = HTTPServer((self.host, self.port), Handler)
  File "/Library/Developer/CommandLineTools/Library/Frameworks/Python3.framework/Versions/3.9/lib/python3.9/socketserver.py", line 452, in __init__
    self.server_bind()
  File "/Library/Developer/CommandLineTools/Library/Frameworks/Python3.framework/Versions/3.9/lib/python3.9/http/server.py", line 138, in server_bind
    socketserver.TCPServer.server_bind(self)
  File "/Library/Developer/CommandLineTools/Library/Frameworks/Python3.framework/Versions/3.9/lib/python3.9/socketserver.py", line 466, in server_bind
    self.socket.bind(self.server_address)
OSError: [Errno 48] Address already in use
Traceback (most recent call last):
  File "/Users/chuck/Project_Alpha_POC/Project_Sequoia/QA_terminal/server.py", line 501, in <module>
    run()
  File "/Users/chuck/Project_Alpha_POC/Project_Sequoia/QA_terminal/server.py", line 492, in run
    server.start()
  File "/Users/chuck/Project_Alpha_POC/Project_Sequoia/QA_terminal/server.py", line 460, in start
    self.server = HTTPServer((self.host, self.port), Handler)
  File "/Library/Developer/CommandLineTools/Library/Frameworks/Python3.framework/Versions/3.9/lib/python3.9/socketserver.py", line 452, in __init__
    self.server_bind()
  File "/Library/Developer/CommandLineTools/Library/Frameworks/Python3.framework/Versions/3.9/lib/python3.9/http/server.py", line 138, in server_bind
    socketserver.TCPServer.server_bind(self)
  File "/Library/Developer/CommandLineTools/Library/Frameworks/Python3.framework/Versions/3.9/lib/python3.9/socketserver.py", line 466, in server_bind
    self.socket.bind(self.server_address)
OSError: [Errno 48] Address already in use
Traceback (most recent call last):
  File "/Users/chuck/Project_Alpha_POC/Project_Sequoia/QA_terminal/server.py", line 501, in <module>
    run()
  File "/Users/chuck/Project_Alpha_POC/Project_Sequoia/QA_terminal/server.py", line 492, in run
    server.start()
  File "/Users/chuck/Project_Alpha_POC/Project_Sequoia/QA_terminal/server.py", line 460, in start
    self.server = HTTPServer((self.host, self.port), Handler)
  File "/Library/Developer/CommandLineTools/Library/Frameworks/Python3.framework/Versions/3.9/lib/python3.9/socketserver.py", line 452, in __init__
    self.server_bind()
  File "/Library/Developer/CommandLineTools/Library/Frameworks/Python3.framework/Versions/3.9/lib/python3.9/http/server.py", line 138, in server_bind
    socketserver.TCPServer.server_bind(self)
  File "/Library/Developer/CommandLineTools/Library/Frameworks/Python3.framework/Versions/3.9/lib/python3.9/socketserver.py", line 466, in server_bind
    self.socket.bind(self.server_address)
OSError: [Errno 48] Address already in use
Traceback (most recent call last):
  File "/Users/chuck/Project_Alpha_POC/Project_Sequoia/QA_terminal/server.py", line 501, in <module>
    run()
  File "/Users/chuck/Project_Alpha_POC/Project_Sequoia/QA_terminal/server.py", line 492, in run
    server.start()
  File "/Users/chuck/Project_Alpha_POC/Project_Sequoia/QA_terminal/server.py", line 460, in start
    self.server = HTTPServer((self.host, self.port), Handler)
  File "/Library/Developer/CommandLineTools/Library/Frameworks/Python3.framework/Versions/3.9/lib/python3.9/socketserver.py", line 452, in __init__
    self.server_bind()
  File "/Library/Developer/CommandLineTools/Library/Frameworks/Python3.framework/Versions/3.9/lib/python3.9/http/server.py", line 138, in server_bind
    socketserver.TCPServer.server_bind(self)
  File "/Library/Developer/CommandLineTools/Library/Frameworks/Python3.framework/Versions/3.9/lib/python3.9/socketserver.py", line 466, in server_bind
    self.socket.bind(self.server_address)
OSError: [Errno 48] Address already in use
Traceback (most recent call last):
  File "/Users/chuck/Project_Alpha_POC/Project_Sequoia/QA_terminal/server.py", line 501, in <module>
    run()
  File "/Users/chuck/Project_Alpha_POC/Project_Sequoia/QA_terminal/server.py", line 492, in run
    server.start()
  File "/Users/chuck/Project_Alpha_POC/Project_Sequoia/QA_terminal/server.py", line 460, in start
    self.server = HTTPServer((self.host, self.port), Handler)
  File "/Library/Developer/CommandLineTools/Library/Frameworks/Python3.framework/Versions/3.9/lib/python3.9/socketserver.py", line 452, in __init__
    self.server_bind()
  File "/Library/Developer/CommandLineTools/Library/Frameworks/Python3.framework/Versions/3.9/lib/python3.9/http/server.py", line 138, in server_bind
    socketserver.TCPServer.server_bind(self)
  File "/Library/Developer/CommandLineTools/Library/Frameworks/Python3.framework/Versions/3.9/lib/python3.9/socketserver.py", line 466, in server_bind
    self.socket.bind(self.server_address)
OSError: [Errno 48] Address already in use
Traceback (most recent call last):
  File "/Users/chuck/Project_Alpha_POC/Project_Sequoia/QA_terminal/server.py", line 501, in <module>
    run()
  File "/Users/chuck/Project_Alpha_POC/Project_Sequoia/QA_terminal/server.py", line 492, in run
    server.start()
  File "/Users/chuck/Project_Alpha_POC/Project_Sequoia/QA_terminal/server.py", line 460, in start
    self.server = HTTPServer((self.host, self.port), Handler)
  File "/Library/Developer/CommandLineTools/Library/Frameworks/Python3.framework/Versions/3.9/lib/python3.9/socketserver.py", line 452, in __init__
    self.server_bind()
  File "/Library/Developer/CommandLineTools/Library/Frameworks/Python3.framework/Versions/3.9/lib/python3.9/http/server.py", line 138, in server_bind
    socketserver.TCPServer.server_bind(self)
  File "/Library/Developer/CommandLineTools/Library/Frameworks/Python3.framework/Versions/3.9/lib/python3.9/socketserver.py", line 466, in server_bind
    self.socket.bind(self.server_address)
OSError: [Errno 48] Address already in use
Traceback (most recent call last):
  File "/Users/chuck/Project_Alpha_POC/Project_Sequoia/QA_terminal/server.py", line 501, in <module>
    run()
  File "/Users/chuck/Project_Alpha_POC/Project_Sequoia/QA_terminal/server.py", line 492, in run
    server.start()
  File "/Users/chuck/Project_Alpha_POC/Project_Sequoia/QA_terminal/server.py", line 460, in start
    self.server = HTTPServer((self.host, self.port), Handler)
  File "/Library/Developer/CommandLineTools/Library/Frameworks/Python3.framework/Versions/3.9/lib/python3.9/socketserver.py", line 452, in __init__
    self.server_bind()
  File "/Library/Developer/CommandLineTools/Library/Frameworks/Python3.framework/Versions/3.9/lib/python3.9/http/server.py", line 138, in server_bind
    socketserver.TCPServer.server_bind(self)
  File "/Library/Developer/CommandLineTools/Library/Frameworks/Python3.framework/Versions/3.9/lib/python3.9/socketserver.py", line 466, in server_bind
    self.socket.bind(self.server_address)
OSError: [Errno 48] Address already in use
Traceback (most recent call last):
  File "/Users/chuck/Project_Alpha_POC/Project_Sequoia/QA_terminal/server.py", line 501, in <module>
    run()
  File "/Users/chuck/Project_Alpha_POC/Project_Sequoia/QA_terminal/server.py", line 492, in run
    server.start()
  File "/Users/chuck/Project_Alpha_POC/Project_Sequoia/QA_terminal/server.py", line 460, in start
    self.server = HTTPServer((self.host, self.port), Handler)
  File "/Library/Developer/CommandLineTools/Library/Frameworks/Python3.framework/Versions/3.9/lib/python3.9/socketserver.py", line 452, in __init__
    self.server_bind()
  File "/Library/Developer/CommandLineTools/Library/Frameworks/Python3.framework/Versions/3.9/lib/python3.9/http/server.py", line 138, in server_bind
    socketserver.TCPServer.server_bind(self)
  File "/Library/Developer/CommandLineTools/Library/Frameworks/Python3.framework/Versions/3.9/lib/python3.9/socketserver.py", line 466, in server_bind
    self.socket.bind(self.server_address)
OSError: [Errno 48] Address already in use
Traceback (most recent call last):
  File "/Users/chuck/Project_Alpha_POC/Project_Sequoia/QA_terminal/server.py", line 501, in <module>
    run()
  File "/Users/chuck/Project_Alpha_POC/Project_Sequoia/QA_terminal/server.py", line 492, in run
    server.start()
  File "/Users/chuck/Project_Alpha_POC/Project_Sequoia/QA_terminal/server.py", line 460, in start
    self.server = HTTPServer((self.host, self.port), Handler)
  File "/Library/Developer/CommandLineTools/Library/Frameworks/Python3.framework/Versions/3.9/lib/python3.9/socketserver.py", line 452, in __init__
    self.server_bind()
  File "/Library/Developer/CommandLineTools/Library/Frameworks/Python3.framework/Versions/3.9/lib/python3.9/http/server.py", line 138, in server_bind
    socketserver.TCPServer.server_bind(self)
  File "/Library/Developer/CommandLineTools/Library/Frameworks/Python3.framework/Versions/3.9/lib/python3.9/socketserver.py", line 466, in server_bind
    self.socket.bind(self.server_address)
OSError: [Errno 48] Address already in use
Traceback (most recent call last):
  File "/Users/chuck/Project_Alpha_POC/Project_Sequoia/QA_terminal/server.py", line 501, in <module>
    run()
  File "/Users/chuck/Project_Alpha_POC/Project_Sequoia/QA_terminal/server.py", line 492, in run
    server.start()
  File "/Users/chuck/Project_Alpha_POC/Project_Sequoia/QA_terminal/server.py", line 460, in start
    self.server = HTTPServer((self.host, self.port), Handler)
  File "/Library/Developer/CommandLineTools/Library/Frameworks/Python3.framework/Versions/3.9/lib/python3.9/socketserver.py", line 452, in __init__
    self.server_bind()
  File "/Library/Developer/CommandLineTools/Library/Frameworks/Python3.framework/Versions/3.9/lib/python3.9/http/server.py", line 138, in server_bind
    socketserver.TCPServer.server_bind(self)
  File "/Library/Developer/CommandLineTools/Library/Frameworks/Python3.framework/Versions/3.9/lib/python3.9/socketserver.py", line 466, in server_bind
    self.socket.bind(self.server_address)
OSError: [Errno 48] Address already in use
Traceback (most recent call last):
  File "/Users/chuck/Project_Alpha_POC/Project_Sequoia/QA_terminal/server.py", line 501, in <module>
    run()
  File "/Users/chuck/Project_Alpha_POC/Project_Sequoia/QA_terminal/server.py", line 492, in run
    server.start()
  File "/Users/chuck/Project_Alpha_POC/Project_Sequoia/QA_terminal/server.py", line 460, in start
    self.server = HTTPServer((self.host, self.port), Handler)
  File "/Library/Developer/CommandLineTools/Library/Frameworks/Python3.framework/Versions/3.9/lib/python3.9/socketserver.py", line 452, in __init__
    self.server_bind()
  File "/Library/Developer/CommandLineTools/Library/Frameworks/Python3.framework/Versions/3.9/lib/python3.9/http/server.py", line 138, in server_bind
    socketserver.TCPServer.server_bind(self)
  File "/Library/Developer/CommandLineTools/Library/Frameworks/Python3.framework/Versions/3.9/lib/python3.9/socketserver.py", line 466, in server_bind
    self.socket.bind(self.server_address)
OSError: [Errno 48] Address already in use
Traceback (most recent call last):
  File "/Users/chuck/Project_Alpha_POC/Project_Sequoia/QA_terminal/server.py", line 501, in <module>
    run()
  File "/Users/chuck/Project_Alpha_POC/Project_Sequoia/QA_terminal/server.py", line 492, in run
    server.start()
  File "/Users/chuck/Project_Alpha_POC/Project_Sequoia/QA_terminal/server.py", line 460, in start
    self.server = HTTPServer((self.host, self.port), Handler)
  File "/Library/Developer/CommandLineTools/Library/Frameworks/Python3.framework/Versions/3.9/lib/python3.9/socketserver.py", line 452, in __init__
    self.server_bind()
  File "/Library/Developer/CommandLineTools/Library/Frameworks/Python3.framework/Versions/3.9/lib/python3.9/http/server.py", line 138, in server_bind
    socketserver.TCPServer.server_bind(self)
  File "/Library/Developer/CommandLineTools/Library/Frameworks/Python3.framework/Versions/3.9/lib/python3.9/socketserver.py", line 466, in server_bind
    self.socket.bind(self.server_address)
OSError: [Errno 48] Address already in use
Traceback (most recent call last):
  File "/Users/chuck/Project_Alpha_POC/Project_Sequoia/QA_terminal/server.py", line 501, in <module>
    run()
  File "/Users/chuck/Project_Alpha_POC/Project_Sequoia/QA_terminal/server.py", line 492, in run
    server.start()
  File "/Users/chuck/Project_Alpha_POC/Project_Sequoia/QA_terminal/server.py", line 460, in start
    self.server = HTTPServer((self.host, self.port), Handler)
  File "/Library/Developer/CommandLineTools/Library/Frameworks/Python3.framework/Versions/3.9/lib/python3.9/socketserver.py", line 452, in __init__
    self.server_bind()
  File "/Library/Developer/CommandLineTools/Library/Frameworks/Python3.framework/Versions/3.9/lib/python3.9/http/server.py", line 138, in server_bind
    socketserver.TCPServer.server_bind(self)
  File "/Library/Developer/CommandLineTools/Library/Frameworks/Python3.framework/Versions/3.9/lib/python3.9/socketserver.py", line 466, in server_bind
    self.socket.bind(self.server_address)
OSError: [Errno 48] Address already in use
Traceback (most recent call last):
  File "/Users/chuck/Project_Alpha_POC/Project_Sequoia/QA_terminal/server.py", line 501, in <module>
    run()
  File "/Users/chuck/Project_Alpha_POC/Project_Sequoia/QA_terminal/server.py", line 492, in run
    server.start()
  File "/Users/chuck/Project_Alpha_POC/Project_Sequoia/QA_terminal/server.py", line 460, in start
    self.server = HTTPServer((self.host, self.port), Handler)
  File "/Library/Developer/CommandLineTools/Library/Frameworks/Python3.framework/Versions/3.9/lib/python3.9/socketserver.py", line 452, in __init__
    self.server_bind()
  File "/Library/Developer/CommandLineTools/Library/Frameworks/Python3.framework/Versions/3.9/lib/python3.9/http/server.py", line 138, in server_bind
    socketserver.TCPServer.server_bind(self)
  File "/Library/Developer/CommandLineTools/Library/Frameworks/Python3.framework/Versions/3.9/lib/python3.9/socketserver.py", line 466, in server_bind
    self.socket.bind(self.server_address)
OSError: [Errno 48] Address already in use
Traceback (most recent call last):
  File "/Users/chuck/Project_Alpha_POC/Project_Sequoia/QA_terminal/server.py", line 501, in <module>
    run()
  File "/Users/chuck/Project_Alpha_POC/Project_Sequoia/QA_terminal/server.py", line 492, in run
    server.start()
  File "/Users/chuck/Project_Alpha_POC/Project_Sequoia/QA_terminal/server.py", line 460, in start
    self.server = HTTPServer((self.host, self.port), Handler)
  File "/Library/Developer/CommandLineTools/Library/Frameworks/Python3.framework/Versions/3.9/lib/python3.9/socketserver.py", line 452, in __init__
    self.server_bind()
  File "/Library/Developer/CommandLineTools/Library/Frameworks/Python3.framework/Versions/3.9/lib/python3.9/http/server.py", line 138, in server_bind
    socketserver.TCPServer.server_bind(self)
  File "/Library/Developer/CommandLineTools/Library/Frameworks/Python3.framework/Versions/3.9/lib/python3.9/socketserver.py", line 466, in server_bind
    self.socket.bind(self.server_address)
OSError: [Errno 48] Address already in use
Traceback (most recent call last):
  File "/Users/chuck/Project_Alpha_POC/Project_Sequoia/QA_terminal/server.py", line 501, in <module>
    run()
  File "/Users/chuck/Project_Alpha_POC/Project_Sequoia/QA_terminal/server.py", line 492, in run
    server.start()
  File "/Users/chuck/Project_Alpha_POC/Project_Sequoia/QA_terminal/server.py", line 460, in start
    self.server = HTTPServer((self.host, self.port), Handler)
  File "/Library/Developer/CommandLineTools/Library/Frameworks/Python3.framework/Versions/3.9/lib/python3.9/socketserver.py", line 452, in __init__
    self.server_bind()
  File "/Library/Developer/CommandLineTools/Library/Frameworks/Python3.framework/Versions/3.9/lib/python3.9/http/server.py", line 138, in server_bind
    socketserver.TCPServer.server_bind(self)
  File "/Library/Developer/CommandLineTools/Library/Frameworks/Python3.framework/Versions/3.9/lib/python3.9/socketserver.py", line 466, in server_bind
    self.socket.bind(self.server_address)
OSError: [Errno 48] Address already in use
Traceback (most recent call last):
  File "/Users/chuck/Project_Alpha_POC/Project_Sequoia/QA_terminal/server.py", line 501, in <module>
    run()
  File "/Users/chuck/Project_Alpha_POC/Project_Sequoia/QA_terminal/server.py", line 492, in run
    server.start()
  File "/Users/chuck/Project_Alpha_POC/Project_Sequoia/QA_terminal/server.py", line 460, in start
    self.server = HTTPServer((self.host, self.port), Handler)
  File "/Library/Developer/CommandLineTools/Library/Frameworks/Python3.framework/Versions/3.9/lib/python3.9/socketserver.py", line 452, in __init__
    self.server_bind()
  File "/Library/Developer/CommandLineTools/Library/Frameworks/Python3.framework/Versions/3.9/lib/python3.9/http/server.py", line 138, in server_bind
    socketserver.TCPServer.server_bind(self)
  File "/Library/Developer/CommandLineTools/Library/Frameworks/Python3.framework/Versions/3.9/lib/python3.9/socketserver.py", line 466, in server_bind
    self.socket.bind(self.server_address)
OSError: [Errno 48] Address already in use
Traceback (most recent call last):
  File "/Users/chuck/Project_Alpha_POC/Project_Sequoia/QA_terminal/server.py", line 501, in <module>
    run()
  File "/Users/chuck/Project_Alpha_POC/Project_Sequoia/QA_terminal/server.py", line 492, in run
    server.start()
  File "/Users/chuck/Project_Alpha_POC/Project_Sequoia/QA_terminal/server.py", line 460, in start
    self.server = HTTPServer((self.host, self.port), Handler)
  File "/Library/Developer/CommandLineTools/Library/Frameworks/Python3.framework/Versions/3.9/lib/python3.9/socketserver.py", line 452, in __init__
    self.server_bind()
  File "/Library/Developer/CommandLineTools/Library/Frameworks/Python3.framework/Versions/3.9/lib/python3.9/http/server.py", line 138, in server_bind
    socketserver.TCPServer.server_bind(self)
  File "/Library/Developer/CommandLineTools/Library/Frameworks/Python3.framework/Versions/3.9/lib/python3.9/socketserver.py", line 466, in server_bind
    self.socket.bind(self.server_address)
OSError: [Errno 48] Address already in use
Traceback (most recent call last):
  File "/Users/chuck/Project_Alpha_POC/Project_Sequoia/QA_terminal/server.py", line 501, in <module>
    run()
  File "/Users/chuck/Project_Alpha_POC/Project_Sequoia/QA_terminal/server.py", line 492, in run
    server.start()
  File "/Users/chuck/Project_Alpha_POC/Project_Sequoia/QA_terminal/server.py", line 460, in start
    self.server = HTTPServer((self.host, self.port), Handler)
  File "/Library/Developer/CommandLineTools/Library/Frameworks/Python3.framework/Versions/3.9/lib/python3.9/socketserver.py", line 452, in __init__
    self.server_bind()
  File "/Library/Developer/CommandLineTools/Library/Frameworks/Python3.framework/Versions/3.9/lib/python3.9/http/server.py", line 138, in server_bind
    socketserver.TCPServer.server_bind(self)
  File "/Library/Developer/CommandLineTools/Library/Frameworks/Python3.framework/Versions/3.9/lib/python3.9/socketserver.py", line 466, in server_bind
    self.socket.bind(self.server_address)
OSError: [Errno 48] Address already in use
Traceback (most recent call last):
  File "/Users/chuck/Project_Alpha_POC/Project_Sequoia/QA_terminal/server.py", line 501, in <module>
    run()
  File "/Users/chuck/Project_Alpha_POC/Project_Sequoia/QA_terminal/server.py", line 492, in run
    server.start()
  File "/Users/chuck/Project_Alpha_POC/Project_Sequoia/QA_terminal/server.py", line 460, in start
    self.server = HTTPServer((self.host, self.port), Handler)
  File "/Library/Developer/CommandLineTools/Library/Frameworks/Python3.framework/Versions/3.9/lib/python3.9/socketserver.py", line 452, in __init__
    self.server_bind()
  File "/Library/Developer/CommandLineTools/Library/Frameworks/Python3.framework/Versions/3.9/lib/python3.9/http/server.py", line 138, in server_bind
    socketserver.TCPServer.server_bind(self)
  File "/Library/Developer/CommandLineTools/Library/Frameworks/Python3.framework/Versions/3.9/lib/python3.9/socketserver.py", line 466, in server_bind
    self.socket.bind(self.server_address)
OSError: [Errno 48] Address already in use
Traceback (most recent call last):
  File "/Users/chuck/Project_Alpha_POC/Project_Sequoia/QA_terminal/server.py", line 501, in <module>
    run()
  File "/Users/chuck/Project_Alpha_POC/Project_Sequoia/QA_terminal/server.py", line 492, in run
    server.start()
  File "/Users/chuck/Project_Alpha_POC/Project_Sequoia/QA_terminal/server.py", line 460, in start
    self.server = HTTPServer((self.host, self.port), Handler)
  File "/Library/Developer/CommandLineTools/Library/Frameworks/Python3.framework/Versions/3.9/lib/python3.9/socketserver.py", line 452, in __init__
    self.server_bind()
  File "/Library/Developer/CommandLineTools/Library/Frameworks/Python3.framework/Versions/3.9/lib/python3.9/http/server.py", line 138, in server_bind
    socketserver.TCPServer.server_bind(self)
  File "/Library/Developer/CommandLineTools/Library/Frameworks/Python3.framework/Versions/3.9/lib/python3.9/socketserver.py", line 466, in server_bind
    self.socket.bind(self.server_address)
OSError: [Errno 48] Address already in use
Traceback (most recent call last):
  File "/Users/chuck/Project_Alpha_POC/Project_Sequoia/QA_terminal/server.py", line 501, in <module>
    run()
  File "/Users/chuck/Project_Alpha_POC/Project_Sequoia/QA_terminal/server.py", line 492, in run
    server.start()
  File "/Users/chuck/Project_Alpha_POC/Project_Sequoia/QA_terminal/server.py", line 460, in start
    self.server = HTTPServer((self.host, self.port), Handler)
  File "/Library/Developer/CommandLineTools/Library/Frameworks/Python3.framework/Versions/3.9/lib/python3.9/socketserver.py", line 452, in __init__
    self.server_bind()
  File "/Library/Developer/CommandLineTools/Library/Frameworks/Python3.framework/Versions/3.9/lib/python3.9/http/server.py", line 138, in server_bind
    socketserver.TCPServer.server_bind(self)
  File "/Library/Developer/CommandLineTools/Library/Frameworks/Python3.framework/Versions/3.9/lib/python3.9/socketserver.py", line 466, in server_bind
    self.socket.bind(self.server_address)
OSError: [Errno 48] Address already in use
Traceback (most recent call last):
  File "/Users/chuck/Project_Alpha_POC/Project_Sequoia/QA_terminal/server.py", line 501, in <module>
    run()
  File "/Users/chuck/Project_Alpha_POC/Project_Sequoia/QA_terminal/server.py", line 492, in run
    server.start()
  File "/Users/chuck/Project_Alpha_POC/Project_Sequoia/QA_terminal/server.py", line 460, in start
    self.server = HTTPServer((self.host, self.port), Handler)
  File "/Library/Developer/CommandLineTools/Library/Frameworks/Python3.framework/Versions/3.9/lib/python3.9/socketserver.py", line 452, in __init__
    self.server_bind()
  File "/Library/Developer/CommandLineTools/Library/Frameworks/Python3.framework/Versions/3.9/lib/python3.9/http/server.py", line 138, in server_bind
    socketserver.TCPServer.server_bind(self)
  File "/Library/Developer/CommandLineTools/Library/Frameworks/Python3.framework/Versions/3.9/lib/python3.9/socketserver.py", line 466, in server_bind
    self.socket.bind(self.server_address)
OSError: [Errno 48] Address already in use
Traceback (most recent call last):
  File "/Users/chuck/Project_Alpha_POC/Project_Sequoia/QA_terminal/server.py", line 501, in <module>
    run()
  File "/Users/chuck/Project_Alpha_POC/Project_Sequoia/QA_terminal/server.py", line 492, in run
    server.start()
  File "/Users/chuck/Project_Alpha_POC/Project_Sequoia/QA_terminal/server.py", line 460, in start
    self.server = HTTPServer((self.host, self.port), Handler)
  File "/Library/Developer/CommandLineTools/Library/Frameworks/Python3.framework/Versions/3.9/lib/python3.9/socketserver.py", line 452, in __init__
    self.server_bind()
  File "/Library/Developer/CommandLineTools/Library/Frameworks/Python3.framework/Versions/3.9/lib/python3.9/http/server.py", line 138, in server_bind
    socketserver.TCPServer.server_bind(self)
  File "/Library/Developer/CommandLineTools/Library/Frameworks/Python3.framework/Versions/3.9/lib/python3.9/socketserver.py", line 466, in server_bind
    self.socket.bind(self.server_address)
OSError: [Errno 48] Address already in use
Traceback (most recent call last):
  File "/Users/chuck/Project_Alpha_POC/Project_Sequoia/QA_terminal/server.py", line 501, in <module>
    run()
  File "/Users/chuck/Project_Alpha_POC/Project_Sequoia/QA_terminal/server.py", line 492, in run
    server.start()
  File "/Users/chuck/Project_Alpha_POC/Project_Sequoia/QA_terminal/server.py", line 460, in start
    self.server = HTTPServer((self.host, self.port), Handler)
  File "/Library/Developer/CommandLineTools/Library/Frameworks/Python3.framework/Versions/3.9/lib/python3.9/socketserver.py", line 452, in __init__
    self.server_bind()
  File "/Library/Developer/CommandLineTools/Library/Frameworks/Python3.framework/Versions/3.9/lib/python3.9/http/server.py", line 138, in server_bind
    socketserver.TCPServer.server_bind(self)
  File "/Library/Developer/CommandLineTools/Library/Frameworks/Python3.framework/Versions/3.9/lib/python3.9/socketserver.py", line 466, in server_bind
    self.socket.bind(self.server_address)
OSError: [Errno 48] Address already in use
Traceback (most recent call last):
  File "/Users/chuck/Project_Alpha_POC/Project_Sequoia/QA_terminal/server.py", line 501, in <module>
    run()
  File "/Users/chuck/Project_Alpha_POC/Project_Sequoia/QA_terminal/server.py", line 492, in run
    server.start()
  File "/Users/chuck/Project_Alpha_POC/Project_Sequoia/QA_terminal/server.py", line 460, in start
    self.server = HTTPServer((self.host, self.port), Handler)
  File "/Library/Developer/CommandLineTools/Library/Frameworks/Python3.framework/Versions/3.9/lib/python3.9/socketserver.py", line 452, in __init__
    self.server_bind()
  File "/Library/Developer/CommandLineTools/Library/Frameworks/Python3.framework/Versions/3.9/lib/python3.9/http/server.py", line 138, in server_bind
    socketserver.TCPServer.server_bind(self)
  File "/Library/Developer/CommandLineTools/Library/Frameworks/Python3.framework/Versions/3.9/lib/python3.9/socketserver.py", line 466, in server_bind
    self.socket.bind(self.server_address)
OSError: [Errno 48] Address already in use
Traceback (most recent call last):
  File "/Users/chuck/Project_Alpha_POC/Project_Sequoia/QA_terminal/server.py", line 501, in <module>
    run()
  File "/Users/chuck/Project_Alpha_POC/Project_Sequoia/QA_terminal/server.py", line 492, in run
    server.start()
  File "/Users/chuck/Project_Alpha_POC/Project_Sequoia/QA_terminal/server.py", line 460, in start
    self.server = HTTPServer((self.host, self.port), Handler)
  File "/Library/Developer/CommandLineTools/Library/Frameworks/Python3.framework/Versions/3.9/lib/python3.9/socketserver.py", line 452, in __init__
    self.server_bind()
  File "/Library/Developer/CommandLineTools/Library/Frameworks/Python3.framework/Versions/3.9/lib/python3.9/http/server.py", line 138, in server_bind
    socketserver.TCPServer.server_bind(self)
  File "/Library/Developer/CommandLineTools/Library/Frameworks/Python3.framework/Versions/3.9/lib/python3.9/socketserver.py", line 466, in server_bind
    self.socket.bind(self.server_address)
OSError: [Errno 48] Address already in use
Traceback (most recent call last):
  File "/Users/chuck/Project_Alpha_POC/Project_Sequoia/QA_terminal/server.py", line 501, in <module>
    run()
  File "/Users/chuck/Project_Alpha_POC/Project_Sequoia/QA_terminal/server.py", line 492, in run
    server.start()
  File "/Users/chuck/Project_Alpha_POC/Project_Sequoia/QA_terminal/server.py", line 460, in start
    self.server = HTTPServer((self.host, self.port), Handler)
  File "/Library/Developer/CommandLineTools/Library/Frameworks/Python3.framework/Versions/3.9/lib/python3.9/socketserver.py", line 452, in __init__
    self.server_bind()
  File "/Library/Developer/CommandLineTools/Library/Frameworks/Python3.framework/Versions/3.9/lib/python3.9/http/server.py", line 138, in server_bind
    socketserver.TCPServer.server_bind(self)
  File "/Library/Developer/CommandLineTools/Library/Frameworks/Python3.framework/Versions/3.9/lib/python3.9/socketserver.py", line 466, in server_bind
    self.socket.bind(self.server_address)
OSError: [Errno 48] Address already in use
Traceback (most recent call last):
  File "/Users/chuck/Project_Alpha_POC/Project_Sequoia/QA_terminal/server.py", line 501, in <module>
    run()
  File "/Users/chuck/Project_Alpha_POC/Project_Sequoia/QA_terminal/server.py", line 492, in run
    server.start()
  File "/Users/chuck/Project_Alpha_POC/Project_Sequoia/QA_terminal/server.py", line 460, in start
    self.server = HTTPServer((self.host, self.port), Handler)
  File "/Library/Developer/CommandLineTools/Library/Frameworks/Python3.framework/Versions/3.9/lib/python3.9/socketserver.py", line 452, in __init__
    self.server_bind()
  File "/Library/Developer/CommandLineTools/Library/Frameworks/Python3.framework/Versions/3.9/lib/python3.9/http/server.py", line 138, in server_bind
    socketserver.TCPServer.server_bind(self)
  File "/Library/Developer/CommandLineTools/Library/Frameworks/Python3.framework/Versions/3.9/lib/python3.9/socketserver.py", line 466, in server_bind
    self.socket.bind(self.server_address)
OSError: [Errno 48] Address already in use
Traceback (most recent call last):
  File "/Users/chuck/Project_Alpha_POC/Project_Sequoia/QA_terminal/server.py", line 501, in <module>
    run()
  File "/Users/chuck/Project_Alpha_POC/Project_Sequoia/QA_terminal/server.py", line 492, in run
    server.start()
  File "/Users/chuck/Project_Alpha_POC/Project_Sequoia/QA_terminal/server.py", line 460, in start
    self.server = HTTPServer((self.host, self.port), Handler)
  File "/Library/Developer/CommandLineTools/Library/Frameworks/Python3.framework/Versions/3.9/lib/python3.9/socketserver.py", line 452, in __init__
    self.server_bind()
  File "/Library/Developer/CommandLineTools/Library/Frameworks/Python3.framework/Versions/3.9/lib/python3.9/http/server.py", line 138, in server_bind
    socketserver.TCPServer.server_bind(self)
  File "/Library/Developer/CommandLineTools/Library/Frameworks/Python3.framework/Versions/3.9/lib/python3.9/socketserver.py", line 466, in server_bind
    self.socket.bind(self.server_address)
OSError: [Errno 48] Address already in use
Traceback (most recent call last):
  File "/Users/chuck/Project_Alpha_POC/Project_Sequoia/QA_terminal/server.py", line 501, in <module>
    run()
  File "/Users/chuck/Project_Alpha_POC/Project_Sequoia/QA_terminal/server.py", line 492, in run
    server.start()
  File "/Users/chuck/Project_Alpha_POC/Project_Sequoia/QA_terminal/server.py", line 460, in start
    self.server = HTTPServer((self.host, self.port), Handler)
  File "/Library/Developer/CommandLineTools/Library/Frameworks/Python3.framework/Versions/3.9/lib/python3.9/socketserver.py", line 452, in __init__
    self.server_bind()
  File "/Library/Developer/CommandLineTools/Library/Frameworks/Python3.framework/Versions/3.9/lib/python3.9/http/server.py", line 138, in server_bind
    socketserver.TCPServer.server_bind(self)
  File "/Library/Developer/CommandLineTools/Library/Frameworks/Python3.framework/Versions/3.9/lib/python3.9/socketserver.py", line 466, in server_bind
    self.socket.bind(self.server_address)
OSError: [Errno 48] Address already in use
Traceback (most recent call last):
  File "/Users/chuck/Project_Alpha_POC/Project_Sequoia/QA_terminal/server.py", line 501, in <module>
    run()
  File "/Users/chuck/Project_Alpha_POC/Project_Sequoia/QA_terminal/server.py", line 492, in run
    server.start()
  File "/Users/chuck/Project_Alpha_POC/Project_Sequoia/QA_terminal/server.py", line 460, in start
    self.server = HTTPServer((self.host, self.port), Handler)
  File "/Library/Developer/CommandLineTools/Library/Frameworks/Python3.framework/Versions/3.9/lib/python3.9/socketserver.py", line 452, in __init__
    self.server_bind()
  File "/Library/Developer/CommandLineTools/Library/Frameworks/Python3.framework/Versions/3.9/lib/python3.9/http/server.py", line 138, in server_bind
    socketserver.TCPServer.server_bind(self)
  File "/Library/Developer/CommandLineTools/Library/Frameworks/Python3.framework/Versions/3.9/lib/python3.9/socketserver.py", line 466, in server_bind
    self.socket.bind(self.server_address)
OSError: [Errno 48] Address already in use
Traceback (most recent call last):
  File "/Users/chuck/Project_Alpha_POC/Project_Sequoia/QA_terminal/server.py", line 501, in <module>
    run()
  File "/Users/chuck/Project_Alpha_POC/Project_Sequoia/QA_terminal/server.py", line 492, in run
    server.start()
  File "/Users/chuck/Project_Alpha_POC/Project_Sequoia/QA_terminal/server.py", line 460, in start
    self.server = HTTPServer((self.host, self.port), Handler)
  File "/Library/Developer/CommandLineTools/Library/Frameworks/Python3.framework/Versions/3.9/lib/python3.9/socketserver.py", line 452, in __init__
    self.server_bind()
  File "/Library/Developer/CommandLineTools/Library/Frameworks/Python3.framework/Versions/3.9/lib/python3.9/http/server.py", line 138, in server_bind
    socketserver.TCPServer.server_bind(self)
  File "/Library/Developer/CommandLineTools/Library/Frameworks/Python3.framework/Versions/3.9/lib/python3.9/socketserver.py", line 466, in server_bind
    self.socket.bind(self.server_address)
OSError: [Errno 48] Address already in use
Traceback (most recent call last):
  File "/Users/chuck/Project_Alpha_POC/Project_Sequoia/QA_terminal/server.py", line 501, in <module>
    run()
  File "/Users/chuck/Project_Alpha_POC/Project_Sequoia/QA_terminal/server.py", line 492, in run
    server.start()
  File "/Users/chuck/Project_Alpha_POC/Project_Sequoia/QA_terminal/server.py", line 460, in start
    self.server = HTTPServer((self.host, self.port), Handler)
  File "/Library/Developer/CommandLineTools/Library/Frameworks/Python3.framework/Versions/3.9/lib/python3.9/socketserver.py", line 452, in __init__
    self.server_bind()
  File "/Library/Developer/CommandLineTools/Library/Frameworks/Python3.framework/Versions/3.9/lib/python3.9/http/server.py", line 138, in server_bind
    socketserver.TCPServer.server_bind(self)
  File "/Library/Developer/CommandLineTools/Library/Frameworks/Python3.framework/Versions/3.9/lib/python3.9/socketserver.py", line 466, in server_bind
    self.socket.bind(self.server_address)
OSError: [Errno 48] Address already in use
Traceback (most recent call last):
  File "/Users/chuck/Project_Alpha_POC/Project_Sequoia/QA_terminal/server.py", line 501, in <module>
    run()
  File "/Users/chuck/Project_Alpha_POC/Project_Sequoia/QA_terminal/server.py", line 492, in run
    server.start()
  File "/Users/chuck/Project_Alpha_POC/Project_Sequoia/QA_terminal/server.py", line 460, in start
    self.server = HTTPServer((self.host, self.port), Handler)
  File "/Library/Developer/CommandLineTools/Library/Frameworks/Python3.framework/Versions/3.9/lib/python3.9/socketserver.py", line 452, in __init__
    self.server_bind()
  File "/Library/Developer/CommandLineTools/Library/Frameworks/Python3.framework/Versions/3.9/lib/python3.9/http/server.py", line 138, in server_bind
    socketserver.TCPServer.server_bind(self)
  File "/Library/Developer/CommandLineTools/Library/Frameworks/Python3.framework/Versions/3.9/lib/python3.9/socketserver.py", line 466, in server_bind
    self.socket.bind(self.server_address)
OSError: [Errno 48] Address already in use
Traceback (most recent call last):
  File "/Users/chuck/Project_Alpha_POC/Project_Sequoia/QA_terminal/server.py", line 501, in <module>
    run()
  File "/Users/chuck/Project_Alpha_POC/Project_Sequoia/QA_terminal/server.py", line 492, in run
    server.start()
  File "/Users/chuck/Project_Alpha_POC/Project_Sequoia/QA_terminal/server.py", line 460, in start
    self.server = HTTPServer((self.host, self.port), Handler)
  File "/Library/Developer/CommandLineTools/Library/Frameworks/Python3.framework/Versions/3.9/lib/python3.9/socketserver.py", line 452, in __init__
    self.server_bind()
  File "/Library/Developer/CommandLineTools/Library/Frameworks/Python3.framework/Versions/3.9/lib/python3.9/http/server.py", line 138, in server_bind
    socketserver.TCPServer.server_bind(self)
  File "/Library/Developer/CommandLineTools/Library/Frameworks/Python3.framework/Versions/3.9/lib/python3.9/socketserver.py", line 466, in server_bind
    self.socket.bind(self.server_address)
OSError: [Errno 48] Address already in use
Traceback (most recent call last):
  File "/Users/chuck/Project_Alpha_POC/Project_Sequoia/QA_terminal/server.py", line 501, in <module>
    run()
  File "/Users/chuck/Project_Alpha_POC/Project_Sequoia/QA_terminal/server.py", line 492, in run
    server.start()
  File "/Users/chuck/Project_Alpha_POC/Project_Sequoia/QA_terminal/server.py", line 460, in start
    self.server = HTTPServer((self.host, self.port), Handler)
  File "/Library/Developer/CommandLineTools/Library/Frameworks/Python3.framework/Versions/3.9/lib/python3.9/socketserver.py", line 452, in __init__
    self.server_bind()
  File "/Library/Developer/CommandLineTools/Library/Frameworks/Python3.framework/Versions/3.9/lib/python3.9/http/server.py", line 138, in server_bind
    socketserver.TCPServer.server_bind(self)
  File "/Library/Developer/CommandLineTools/Library/Frameworks/Python3.framework/Versions/3.9/lib/python3.9/socketserver.py", line 466, in server_bind
    self.socket.bind(self.server_address)
OSError: [Errno 48] Address already in use
Traceback (most recent call last):
  File "/Users/chuck/Project_Alpha_POC/Project_Sequoia/QA_terminal/server.py", line 501, in <module>
    run()
  File "/Users/chuck/Project_Alpha_POC/Project_Sequoia/QA_terminal/server.py", line 492, in run
    server.start()
  File "/Users/chuck/Project_Alpha_POC/Project_Sequoia/QA_terminal/server.py", line 460, in start
    self.server = HTTPServer((self.host, self.port), Handler)
  File "/Library/Developer/CommandLineTools/Library/Frameworks/Python3.framework/Versions/3.9/lib/python3.9/socketserver.py", line 452, in __init__
    self.server_bind()
  File "/Library/Developer/CommandLineTools/Library/Frameworks/Python3.framework/Versions/3.9/lib/python3.9/http/server.py", line 138, in server_bind
    socketserver.TCPServer.server_bind(self)
  File "/Library/Developer/CommandLineTools/Library/Frameworks/Python3.framework/Versions/3.9/lib/python3.9/socketserver.py", line 466, in server_bind
    self.socket.bind(self.server_address)
OSError: [Errno 48] Address already in use
Traceback (most recent call last):
  File "/Users/chuck/Project_Alpha_POC/Project_Sequoia/QA_terminal/server.py", line 501, in <module>
    run()
  File "/Users/chuck/Project_Alpha_POC/Project_Sequoia/QA_terminal/server.py", line 492, in run
    server.start()
  File "/Users/chuck/Project_Alpha_POC/Project_Sequoia/QA_terminal/server.py", line 460, in start
    self.server = HTTPServer((self.host, self.port), Handler)
  File "/Library/Developer/CommandLineTools/Library/Frameworks/Python3.framework/Versions/3.9/lib/python3.9/socketserver.py", line 452, in __init__
    self.server_bind()
  File "/Library/Developer/CommandLineTools/Library/Frameworks/Python3.framework/Versions/3.9/lib/python3.9/http/server.py", line 138, in server_bind
    socketserver.TCPServer.server_bind(self)
  File "/Library/Developer/CommandLineTools/Library/Frameworks/Python3.framework/Versions/3.9/lib/python3.9/socketserver.py", line 466, in server_bind
    self.socket.bind(self.server_address)
OSError: [Errno 48] Address already in use
Traceback (most recent call last):
  File "/Users/chuck/Project_Alpha_POC/Project_Sequoia/QA_terminal/server.py", line 501, in <module>
    run()
  File "/Users/chuck/Project_Alpha_POC/Project_Sequoia/QA_terminal/server.py", line 492, in run
    server.start()
  File "/Users/chuck/Project_Alpha_POC/Project_Sequoia/QA_terminal/server.py", line 460, in start
    self.server = HTTPServer((self.host, self.port), Handler)
  File "/Library/Developer/CommandLineTools/Library/Frameworks/Python3.framework/Versions/3.9/lib/python3.9/socketserver.py", line 452, in __init__
    self.server_bind()
  File "/Library/Developer/CommandLineTools/Library/Frameworks/Python3.framework/Versions/3.9/lib/python3.9/http/server.py", line 138, in server_bind
    socketserver.TCPServer.server_bind(self)
  File "/Library/Developer/CommandLineTools/Library/Frameworks/Python3.framework/Versions/3.9/lib/python3.9/socketserver.py", line 466, in server_bind
    self.socket.bind(self.server_address)
OSError: [Errno 48] Address already in use
Traceback (most recent call last):
  File "/Users/chuck/Project_Alpha_POC/Project_Sequoia/QA_terminal/server.py", line 501, in <module>
    run()
  File "/Users/chuck/Project_Alpha_POC/Project_Sequoia/QA_terminal/server.py", line 492, in run
    server.start()
  File "/Users/chuck/Project_Alpha_POC/Project_Sequoia/QA_terminal/server.py", line 460, in start
    self.server = HTTPServer((self.host, self.port), Handler)
  File "/Library/Developer/CommandLineTools/Library/Frameworks/Python3.framework/Versions/3.9/lib/python3.9/socketserver.py", line 452, in __init__
    self.server_bind()
  File "/Library/Developer/CommandLineTools/Library/Frameworks/Python3.framework/Versions/3.9/lib/python3.9/http/server.py", line 138, in server_bind
    socketserver.TCPServer.server_bind(self)
  File "/Library/Developer/CommandLineTools/Library/Frameworks/Python3.framework/Versions/3.9/lib/python3.9/socketserver.py", line 466, in server_bind
    self.socket.bind(self.server_address)
OSError: [Errno 48] Address already in use
Traceback (most recent call last):
  File "/Users/chuck/Project_Alpha_POC/Project_Sequoia/QA_terminal/server.py", line 501, in <module>
    run()
  File "/Users/chuck/Project_Alpha_POC/Project_Sequoia/QA_terminal/server.py", line 492, in run
    server.start()
  File "/Users/chuck/Project_Alpha_POC/Project_Sequoia/QA_terminal/server.py", line 460, in start
    self.server = HTTPServer((self.host, self.port), Handler)
  File "/Library/Developer/CommandLineTools/Library/Frameworks/Python3.framework/Versions/3.9/lib/python3.9/socketserver.py", line 452, in __init__
    self.server_bind()
  File "/Library/Developer/CommandLineTools/Library/Frameworks/Python3.framework/Versions/3.9/lib/python3.9/http/server.py", line 138, in server_bind
    socketserver.TCPServer.server_bind(self)
  File "/Library/Developer/CommandLineTools/Library/Frameworks/Python3.framework/Versions/3.9/lib/python3.9/socketserver.py", line 466, in server_bind
    self.socket.bind(self.server_address)
OSError: [Errno 48] Address already in use
Traceback (most recent call last):
  File "/Users/chuck/Project_Alpha_POC/Project_Sequoia/QA_terminal/server.py", line 501, in <module>
    run()
  File "/Users/chuck/Project_Alpha_POC/Project_Sequoia/QA_terminal/server.py", line 492, in run
    server.start()
  File "/Users/chuck/Project_Alpha_POC/Project_Sequoia/QA_terminal/server.py", line 460, in start
    self.server = HTTPServer((self.host, self.port), Handler)
  File "/Library/Developer/CommandLineTools/Library/Frameworks/Python3.framework/Versions/3.9/lib/python3.9/socketserver.py", line 452, in __init__
    self.server_bind()
  File "/Library/Developer/CommandLineTools/Library/Frameworks/Python3.framework/Versions/3.9/lib/python3.9/http/server.py", line 138, in server_bind
    socketserver.TCPServer.server_bind(self)
  File "/Library/Developer/CommandLineTools/Library/Frameworks/Python3.framework/Versions/3.9/lib/python3.9/socketserver.py", line 466, in server_bind
    self.socket.bind(self.server_address)
OSError: [Errno 48] Address already in use
Traceback (most recent call last):
  File "/Users/chuck/Project_Alpha_POC/Project_Sequoia/QA_terminal/server.py", line 501, in <module>
    run()
  File "/Users/chuck/Project_Alpha_POC/Project_Sequoia/QA_terminal/server.py", line 492, in run
    server.start()
  File "/Users/chuck/Project_Alpha_POC/Project_Sequoia/QA_terminal/server.py", line 460, in start
    self.server = HTTPServer((self.host, self.port), Handler)
  File "/Library/Developer/CommandLineTools/Library/Frameworks/Python3.framework/Versions/3.9/lib/python3.9/socketserver.py", line 452, in __init__
    self.server_bind()
  File "/Library/Developer/CommandLineTools/Library/Frameworks/Python3.framework/Versions/3.9/lib/python3.9/http/server.py", line 138, in server_bind
    socketserver.TCPServer.server_bind(self)
  File "/Library/Developer/CommandLineTools/Library/Frameworks/Python3.framework/Versions/3.9/lib/python3.9/socketserver.py", line 466, in server_bind
    self.socket.bind(self.server_address)
OSError: [Errno 48] Address already in use
Traceback (most recent call last):
  File "/Users/chuck/Project_Alpha_POC/Project_Sequoia/QA_terminal/server.py", line 501, in <module>
    run()
  File "/Users/chuck/Project_Alpha_POC/Project_Sequoia/QA_terminal/server.py", line 492, in run
    server.start()
  File "/Users/chuck/Project_Alpha_POC/Project_Sequoia/QA_terminal/server.py", line 460, in start
    self.server = HTTPServer((self.host, self.port), Handler)
  File "/Library/Developer/CommandLineTools/Library/Frameworks/Python3.framework/Versions/3.9/lib/python3.9/socketserver.py", line 452, in __init__
    self.server_bind()
  File "/Library/Developer/CommandLineTools/Library/Frameworks/Python3.framework/Versions/3.9/lib/python3.9/http/server.py", line 138, in server_bind
    socketserver.TCPServer.server_bind(self)
  File "/Library/Developer/CommandLineTools/Library/Frameworks/Python3.framework/Versions/3.9/lib/python3.9/socketserver.py", line 466, in server_bind
    self.socket.bind(self.server_address)
OSError: [Errno 48] Address already in use
Traceback (most recent call last):
  File "/Users/chuck/Project_Alpha_POC/Project_Sequoia/QA_terminal/server.py", line 501, in <module>
    run()
  File "/Users/chuck/Project_Alpha_POC/Project_Sequoia/QA_terminal/server.py", line 492, in run
    server.start()
  File "/Users/chuck/Project_Alpha_POC/Project_Sequoia/QA_terminal/server.py", line 460, in start
    self.server = HTTPServer((self.host, self.port), Handler)
  File "/Library/Developer/CommandLineTools/Library/Frameworks/Python3.framework/Versions/3.9/lib/python3.9/socketserver.py", line 452, in __init__
    self.server_bind()
  File "/Library/Developer/CommandLineTools/Library/Frameworks/Python3.framework/Versions/3.9/lib/python3.9/http/server.py", line 138, in server_bind
    socketserver.TCPServer.server_bind(self)
  File "/Library/Developer/CommandLineTools/Library/Frameworks/Python3.framework/Versions/3.9/lib/python3.9/socketserver.py", line 466, in server_bind
    self.socket.bind(self.server_address)
OSError: [Errno 48] Address already in use
Traceback (most recent call last):
  File "/Users/chuck/Project_Alpha_POC/Project_Sequoia/QA_terminal/server.py", line 501, in <module>
    run()
  File "/Users/chuck/Project_Alpha_POC/Project_Sequoia/QA_terminal/server.py", line 492, in run
    server.start()
  File "/Users/chuck/Project_Alpha_POC/Project_Sequoia/QA_terminal/server.py", line 460, in start
    self.server = HTTPServer((self.host, self.port), Handler)
  File "/Library/Developer/CommandLineTools/Library/Frameworks/Python3.framework/Versions/3.9/lib/python3.9/socketserver.py", line 452, in __init__
    self.server_bind()
  File "/Library/Developer/CommandLineTools/Library/Frameworks/Python3.framework/Versions/3.9/lib/python3.9/http/server.py", line 138, in server_bind
    socketserver.TCPServer.server_bind(self)
  File "/Library/Developer/CommandLineTools/Library/Frameworks/Python3.framework/Versions/3.9/lib/python3.9/socketserver.py", line 466, in server_bind
    self.socket.bind(self.server_address)
OSError: [Errno 48] Address already in use
Traceback (most recent call last):
  File "/Users/chuck/Project_Alpha_POC/Project_Sequoia/QA_terminal/server.py", line 501, in <module>
    run()
  File "/Users/chuck/Project_Alpha_POC/Project_Sequoia/QA_terminal/server.py", line 492, in run
    server.start()
  File "/Users/chuck/Project_Alpha_POC/Project_Sequoia/QA_terminal/server.py", line 460, in start
    self.server = HTTPServer((self.host, self.port), Handler)
  File "/Library/Developer/CommandLineTools/Library/Frameworks/Python3.framework/Versions/3.9/lib/python3.9/socketserver.py", line 452, in __init__
    self.server_bind()
  File "/Library/Developer/CommandLineTools/Library/Frameworks/Python3.framework/Versions/3.9/lib/python3.9/http/server.py", line 138, in server_bind
    socketserver.TCPServer.server_bind(self)
  File "/Library/Developer/CommandLineTools/Library/Frameworks/Python3.framework/Versions/3.9/lib/python3.9/socketserver.py", line 466, in server_bind
    self.socket.bind(self.server_address)
OSError: [Errno 48] Address already in use
Traceback (most recent call last):
  File "/Users/chuck/Project_Alpha_POC/Project_Sequoia/QA_terminal/server.py", line 501, in <module>
    run()
  File "/Users/chuck/Project_Alpha_POC/Project_Sequoia/QA_terminal/server.py", line 492, in run
    server.start()
  File "/Users/chuck/Project_Alpha_POC/Project_Sequoia/QA_terminal/server.py", line 460, in start
    self.server = HTTPServer((self.host, self.port), Handler)
  File "/Library/Developer/CommandLineTools/Library/Frameworks/Python3.framework/Versions/3.9/lib/python3.9/socketserver.py", line 452, in __init__
    self.server_bind()
  File "/Library/Developer/CommandLineTools/Library/Frameworks/Python3.framework/Versions/3.9/lib/python3.9/http/server.py", line 138, in server_bind
    socketserver.TCPServer.server_bind(self)
  File "/Library/Developer/CommandLineTools/Library/Frameworks/Python3.framework/Versions/3.9/lib/python3.9/socketserver.py", line 466, in server_bind
    self.socket.bind(self.server_address)
OSError: [Errno 48] Address already in use
Traceback (most recent call last):
  File "/Users/chuck/Project_Alpha_POC/Project_Sequoia/QA_terminal/server.py", line 501, in <module>
    run()
  File "/Users/chuck/Project_Alpha_POC/Project_Sequoia/QA_terminal/server.py", line 492, in run
    server.start()
  File "/Users/chuck/Project_Alpha_POC/Project_Sequoia/QA_terminal/server.py", line 460, in start
    self.server = HTTPServer((self.host, self.port), Handler)
  File "/Library/Developer/CommandLineTools/Library/Frameworks/Python3.framework/Versions/3.9/lib/python3.9/socketserver.py", line 452, in __init__
    self.server_bind()
  File "/Library/Developer/CommandLineTools/Library/Frameworks/Python3.framework/Versions/3.9/lib/python3.9/http/server.py", line 138, in server_bind
    socketserver.TCPServer.server_bind(self)
  File "/Library/Developer/CommandLineTools/Library/Frameworks/Python3.framework/Versions/3.9/lib/python3.9/socketserver.py", line 466, in server_bind
    self.socket.bind(self.server_address)
OSError: [Errno 48] Address already in use
Traceback (most recent call last):
  File "/Users/chuck/Project_Alpha_POC/Project_Sequoia/QA_terminal/server.py", line 501, in <module>
    run()
  File "/Users/chuck/Project_Alpha_POC/Project_Sequoia/QA_terminal/server.py", line 492, in run
    server.start()
  File "/Users/chuck/Project_Alpha_POC/Project_Sequoia/QA_terminal/server.py", line 460, in start
    self.server = HTTPServer((self.host, self.port), Handler)
  File "/Library/Developer/CommandLineTools/Library/Frameworks/Python3.framework/Versions/3.9/lib/python3.9/socketserver.py", line 452, in __init__
    self.server_bind()
  File "/Library/Developer/CommandLineTools/Library/Frameworks/Python3.framework/Versions/3.9/lib/python3.9/http/server.py", line 138, in server_bind
    socketserver.TCPServer.server_bind(self)
  File "/Library/Developer/CommandLineTools/Library/Frameworks/Python3.framework/Versions/3.9/lib/python3.9/socketserver.py", line 466, in server_bind
    self.socket.bind(self.server_address)
OSError: [Errno 48] Address already in use
Traceback (most recent call last):
  File "/Users/chuck/Project_Alpha_POC/Project_Sequoia/QA_terminal/server.py", line 501, in <module>
    run()
  File "/Users/chuck/Project_Alpha_POC/Project_Sequoia/QA_terminal/server.py", line 492, in run
    server.start()
  File "/Users/chuck/Project_Alpha_POC/Project_Sequoia/QA_terminal/server.py", line 460, in start
    self.server = HTTPServer((self.host, self.port), Handler)
  File "/Library/Developer/CommandLineTools/Library/Frameworks/Python3.framework/Versions/3.9/lib/python3.9/socketserver.py", line 452, in __init__
    self.server_bind()
  File "/Library/Developer/CommandLineTools/Library/Frameworks/Python3.framework/Versions/3.9/lib/python3.9/http/server.py", line 138, in server_bind
    socketserver.TCPServer.server_bind(self)
  File "/Library/Developer/CommandLineTools/Library/Frameworks/Python3.framework/Versions/3.9/lib/python3.9/socketserver.py", line 466, in server_bind
    self.socket.bind(self.server_address)
OSError: [Errno 48] Address already in use
Traceback (most recent call last):
  File "/Users/chuck/Project_Alpha_POC/Project_Sequoia/QA_terminal/server.py", line 501, in <module>
    run()
  File "/Users/chuck/Project_Alpha_POC/Project_Sequoia/QA_terminal/server.py", line 492, in run
    server.start()
  File "/Users/chuck/Project_Alpha_POC/Project_Sequoia/QA_terminal/server.py", line 460, in start
    self.server = HTTPServer((self.host, self.port), Handler)
  File "/Library/Developer/CommandLineTools/Library/Frameworks/Python3.framework/Versions/3.9/lib/python3.9/socketserver.py", line 452, in __init__
    self.server_bind()
  File "/Library/Developer/CommandLineTools/Library/Frameworks/Python3.framework/Versions/3.9/lib/python3.9/http/server.py", line 138, in server_bind
    socketserver.TCPServer.server_bind(self)
  File "/Library/Developer/CommandLineTools/Library/Frameworks/Python3.framework/Versions/3.9/lib/python3.9/socketserver.py", line 466, in server_bind
    self.socket.bind(self.server_address)
OSError: [Errno 48] Address already in use
Traceback (most recent call last):
  File "/Users/chuck/Project_Alpha_POC/Project_Sequoia/QA_terminal/server.py", line 501, in <module>
    run()
  File "/Users/chuck/Project_Alpha_POC/Project_Sequoia/QA_terminal/server.py", line 492, in run
    server.start()
  File "/Users/chuck/Project_Alpha_POC/Project_Sequoia/QA_terminal/server.py", line 460, in start
    self.server = HTTPServer((self.host, self.port), Handler)
  File "/Library/Developer/CommandLineTools/Library/Frameworks/Python3.framework/Versions/3.9/lib/python3.9/socketserver.py", line 452, in __init__
    self.server_bind()
  File "/Library/Developer/CommandLineTools/Library/Frameworks/Python3.framework/Versions/3.9/lib/python3.9/http/server.py", line 138, in server_bind
    socketserver.TCPServer.server_bind(self)
  File "/Library/Developer/CommandLineTools/Library/Frameworks/Python3.framework/Versions/3.9/lib/python3.9/socketserver.py", line 466, in server_bind
    self.socket.bind(self.server_address)
OSError: [Errno 48] Address already in use
Traceback (most recent call last):
  File "/Users/chuck/Project_Alpha_POC/Project_Sequoia/QA_terminal/server.py", line 501, in <module>
    run()
  File "/Users/chuck/Project_Alpha_POC/Project_Sequoia/QA_terminal/server.py", line 492, in run
    server.start()
  File "/Users/chuck/Project_Alpha_POC/Project_Sequoia/QA_terminal/server.py", line 460, in start
    self.server = HTTPServer((self.host, self.port), Handler)
  File "/Library/Developer/CommandLineTools/Library/Frameworks/Python3.framework/Versions/3.9/lib/python3.9/socketserver.py", line 452, in __init__
    self.server_bind()
  File "/Library/Developer/CommandLineTools/Library/Frameworks/Python3.framework/Versions/3.9/lib/python3.9/http/server.py", line 138, in server_bind
    socketserver.TCPServer.server_bind(self)
  File "/Library/Developer/CommandLineTools/Library/Frameworks/Python3.framework/Versions/3.9/lib/python3.9/socketserver.py", line 466, in server_bind
    self.socket.bind(self.server_address)
OSError: [Errno 48] Address already in use
Traceback (most recent call last):
  File "/Users/chuck/Project_Alpha_POC/Project_Sequoia/QA_terminal/server.py", line 501, in <module>
    run()
  File "/Users/chuck/Project_Alpha_POC/Project_Sequoia/QA_terminal/server.py", line 492, in run
    server.start()
  File "/Users/chuck/Project_Alpha_POC/Project_Sequoia/QA_terminal/server.py", line 460, in start
    self.server = HTTPServer((self.host, self.port), Handler)
  File "/Library/Developer/CommandLineTools/Library/Frameworks/Python3.framework/Versions/3.9/lib/python3.9/socketserver.py", line 452, in __init__
    self.server_bind()
  File "/Library/Developer/CommandLineTools/Library/Frameworks/Python3.framework/Versions/3.9/lib/python3.9/http/server.py", line 138, in server_bind
    socketserver.TCPServer.server_bind(self)
  File "/Library/Developer/CommandLineTools/Library/Frameworks/Python3.framework/Versions/3.9/lib/python3.9/socketserver.py", line 466, in server_bind
    self.socket.bind(self.server_address)
OSError: [Errno 48] Address already in use
Traceback (most recent call last):
  File "/Users/chuck/Project_Alpha_POC/Project_Sequoia/QA_terminal/server.py", line 501, in <module>
    run()
  File "/Users/chuck/Project_Alpha_POC/Project_Sequoia/QA_terminal/server.py", line 492, in run
    server.start()
  File "/Users/chuck/Project_Alpha_POC/Project_Sequoia/QA_terminal/server.py", line 460, in start
    self.server = HTTPServer((self.host, self.port), Handler)
  File "/Library/Developer/CommandLineTools/Library/Frameworks/Python3.framework/Versions/3.9/lib/python3.9/socketserver.py", line 452, in __init__
    self.server_bind()
  File "/Library/Developer/CommandLineTools/Library/Frameworks/Python3.framework/Versions/3.9/lib/python3.9/http/server.py", line 138, in server_bind
    socketserver.TCPServer.server_bind(self)
  File "/Library/Developer/CommandLineTools/Library/Frameworks/Python3.framework/Versions/3.9/lib/python3.9/socketserver.py", line 466, in server_bind
    self.socket.bind(self.server_address)
OSError: [Errno 48] Address already in use
/Users/chuck/Library/Python/3.9/lib/python/site-packages/urllib3/__init__.py:35: NotOpenSSLWarning: urllib3 v2 only supports OpenSSL 1.1.1+, currently the 'ssl' module is compiled with 'LibreSSL 2.8.3'. See: https://github.com/urllib3/urllib3/issues/3020
  warnings.warn(
/Users/chuck/Library/Python/3.9/lib/python/site-packages/urllib3/__init__.py:35: NotOpenSSLWarning: urllib3 v2 only supports OpenSSL 1.1.1+, currently the 'ssl' module is compiled with 'LibreSSL 2.8.3'. See: https://github.com/urllib3/urllib3/issues/3020
  warnings.warn(
/Users/chuck/Library/Python/3.9/lib/python/site-packages/urllib3/__init__.py:35: NotOpenSSLWarning: urllib3 v2 only supports OpenSSL 1.1.1+, currently the 'ssl' module is compiled with 'LibreSSL 2.8.3'. See: https://github.com/urllib3/urllib3/issues/3020
  warnings.warn(
/Users/chuck/Library/Python/3.9/lib/python/site-packages/urllib3/__init__.py:35: NotOpenSSLWarning: urllib3 v2 only supports OpenSSL 1.1.1+, currently the 'ssl' module is compiled with 'LibreSSL 2.8.3'. See: https://github.com/urllib3/urllib3/issues/3020
  warnings.warn(
----------------------------------------
Exception occurred during processing of request from ('127.0.0.1', 49340)
Traceback (most recent call last):
  File "/Users/chuck/Project_Alpha_POC/Project_Sequoia/QA_terminal/server.py", line 262, in do_GET
    getattr(self, handler_name)(qs)
  File "/Users/chuck/Project_Alpha_POC/Project_Sequoia/QA_terminal/server.py", line 352, in handle_quotes
    self.send_json(get_quotes(tickers))
  File "/Users/chuck/Project_Alpha_POC/Project_Sequoia/QA_terminal/server.py", line 316, in send_json
    self.wfile.write(json.dumps(clean_dict(data), cls=SafeJSONEncoder).encode())
  File "/Library/Developer/CommandLineTools/Library/Frameworks/Python3.framework/Versions/3.9/lib/python3.9/socketserver.py", line 826, in write
    self._sock.sendall(b)
BrokenPipeError: [Errno 32] Broken pipe

During handling of the above exception, another exception occurred:

Traceback (most recent call last):
  File "/Library/Developer/CommandLineTools/Library/Frameworks/Python3.framework/Versions/3.9/lib/python3.9/socketserver.py", line 316, in _handle_request_noblock
    self.process_request(request, client_address)
  File "/Library/Developer/CommandLineTools/Library/Frameworks/Python3.framework/Versions/3.9/lib/python3.9/socketserver.py", line 347, in process_request
    self.finish_request(request, client_address)
  File "/Library/Developer/CommandLineTools/Library/Frameworks/Python3.framework/Versions/3.9/lib/python3.9/socketserver.py", line 360, in finish_request
    self.RequestHandlerClass(request, client_address, self)
  File "/Library/Developer/CommandLineTools/Library/Frameworks/Python3.framework/Versions/3.9/lib/python3.9/http/server.py", line 660, in __init__
    super().__init__(*args, **kwargs)
  File "/Library/Developer/CommandLineTools/Library/Frameworks/Python3.framework/Versions/3.9/lib/python3.9/socketserver.py", line 747, in __init__
    self.handle()
  File "/Library/Developer/CommandLineTools/Library/Frameworks/Python3.framework/Versions/3.9/lib/python3.9/http/server.py", line 434, in handle
    self.handle_one_request()
  File "/Library/Developer/CommandLineTools/Library/Frameworks/Python3.framework/Versions/3.9/lib/python3.9/http/server.py", line 422, in handle_one_request
    method()
  File "/Users/chuck/Project_Alpha_POC/Project_Sequoia/QA_terminal/server.py", line 265, in do_GET
    self.send_json({'error': str(e)}, status=500)
  File "/Users/chuck/Project_Alpha_POC/Project_Sequoia/QA_terminal/server.py", line 315, in send_json
    self.end_headers()
  File "/Library/Developer/CommandLineTools/Library/Frameworks/Python3.framework/Versions/3.9/lib/python3.9/http/server.py", line 536, in end_headers
    self.flush_headers()
  File "/Library/Developer/CommandLineTools/Library/Frameworks/Python3.framework/Versions/3.9/lib/python3.9/http/server.py", line 540, in flush_headers
    self.wfile.write(b"".join(self._headers_buffer))
  File "/Library/Developer/CommandLineTools/Library/Frameworks/Python3.framework/Versions/3.9/lib/python3.9/socketserver.py", line 826, in write
    self._sock.sendall(b)
BrokenPipeError: [Errno 32] Broken pipe
----------------------------------------
----------------------------------------
Exception occurred during processing of request from ('127.0.0.1', 49375)
Traceback (most recent call last):
  File "/Users/chuck/Project_Alpha_POC/Project_Sequoia/QA_terminal/server.py", line 262, in do_GET
    getattr(self, handler_name)(qs)
  File "/Users/chuck/Project_Alpha_POC/Project_Sequoia/QA_terminal/server.py", line 352, in handle_quotes
    self.send_json(get_quotes(tickers))
  File "/Users/chuck/Project_Alpha_POC/Project_Sequoia/QA_terminal/server.py", line 316, in send_json
    self.wfile.write(json.dumps(clean_dict(data), cls=SafeJSONEncoder).encode())
  File "/Library/Developer/CommandLineTools/Library/Frameworks/Python3.framework/Versions/3.9/lib/python3.9/socketserver.py", line 826, in write
    self._sock.sendall(b)
BrokenPipeError: [Errno 32] Broken pipe

During handling of the above exception, another exception occurred:

Traceback (most recent call last):
  File "/Library/Developer/CommandLineTools/Library/Frameworks/Python3.framework/Versions/3.9/lib/python3.9/socketserver.py", line 316, in _handle_request_noblock
    self.process_request(request, client_address)
  File "/Library/Developer/CommandLineTools/Library/Frameworks/Python3.framework/Versions/3.9/lib/python3.9/socketserver.py", line 347, in process_request
    self.finish_request(request, client_address)
  File "/Library/Developer/CommandLineTools/Library/Frameworks/Python3.framework/Versions/3.9/lib/python3.9/socketserver.py", line 360, in finish_request
    self.RequestHandlerClass(request, client_address, self)
  File "/Library/Developer/CommandLineTools/Library/Frameworks/Python3.framework/Versions/3.9/lib/python3.9/http/server.py", line 660, in __init__
    super().__init__(*args, **kwargs)
  File "/Library/Developer/CommandLineTools/Library/Frameworks/Python3.framework/Versions/3.9/lib/python3.9/socketserver.py", line 747, in __init__
    self.handle()
  File "/Library/Developer/CommandLineTools/Library/Frameworks/Python3.framework/Versions/3.9/lib/python3.9/http/server.py", line 434, in handle
    self.handle_one_request()
  File "/Library/Developer/CommandLineTools/Library/Frameworks/Python3.framework/Versions/3.9/lib/python3.9/http/server.py", line 422, in handle_one_request
    method()
  File "/Users/chuck/Project_Alpha_POC/Project_Sequoia/QA_terminal/server.py", line 265, in do_GET
    self.send_json({'error': str(e)}, status=500)
  File "/Users/chuck/Project_Alpha_POC/Project_Sequoia/QA_terminal/server.py", line 315, in send_json
    self.end_headers()
  File "/Library/Developer/CommandLineTools/Library/Frameworks/Python3.framework/Versions/3.9/lib/python3.9/http/server.py", line 536, in end_headers
    self.flush_headers()
  File "/Library/Developer/CommandLineTools/Library/Frameworks/Python3.framework/Versions/3.9/lib/python3.9/http/server.py", line 540, in flush_headers
    self.wfile.write(b"".join(self._headers_buffer))
  File "/Library/Developer/CommandLineTools/Library/Frameworks/Python3.framework/Versions/3.9/lib/python3.9/socketserver.py", line 826, in write
    self._sock.sendall(b)
BrokenPipeError: [Errno 32] Broken pipe
----------------------------------------
----------------------------------------
Exception occurred during processing of request from ('127.0.0.1', 49396)
Traceback (most recent call last):
  File "/Users/chuck/Project_Alpha_POC/Project_Sequoia/QA_terminal/server.py", line 262, in do_GET
    getattr(self, handler_name)(qs)
  File "/Users/chuck/Project_Alpha_POC/Project_Sequoia/QA_terminal/server.py", line 352, in handle_quotes
    self.send_json(get_quotes(tickers))
  File "/Users/chuck/Project_Alpha_POC/Project_Sequoia/QA_terminal/server.py", line 316, in send_json
    self.wfile.write(json.dumps(clean_dict(data), cls=SafeJSONEncoder).encode())
  File "/Library/Developer/CommandLineTools/Library/Frameworks/Python3.framework/Versions/3.9/lib/python3.9/socketserver.py", line 826, in write
    self._sock.sendall(b)
BrokenPipeError: [Errno 32] Broken pipe

During handling of the above exception, another exception occurred:

Traceback (most recent call last):
  File "/Library/Developer/CommandLineTools/Library/Frameworks/Python3.framework/Versions/3.9/lib/python3.9/socketserver.py", line 316, in _handle_request_noblock
    self.process_request(request, client_address)
  File "/Library/Developer/CommandLineTools/Library/Frameworks/Python3.framework/Versions/3.9/lib/python3.9/socketserver.py", line 347, in process_request
    self.finish_request(request, client_address)
  File "/Library/Developer/CommandLineTools/Library/Frameworks/Python3.framework/Versions/3.9/lib/python3.9/socketserver.py", line 360, in finish_request
    self.RequestHandlerClass(request, client_address, self)
  File "/Library/Developer/CommandLineTools/Library/Frameworks/Python3.framework/Versions/3.9/lib/python3.9/http/server.py", line 660, in __init__
    super().__init__(*args, **kwargs)
  File "/Library/Developer/CommandLineTools/Library/Frameworks/Python3.framework/Versions/3.9/lib/python3.9/socketserver.py", line 747, in __init__
    self.handle()
  File "/Library/Developer/CommandLineTools/Library/Frameworks/Python3.framework/Versions/3.9/lib/python3.9/http/server.py", line 434, in handle
    self.handle_one_request()
  File "/Library/Developer/CommandLineTools/Library/Frameworks/Python3.framework/Versions/3.9/lib/python3.9/http/server.py", line 422, in handle_one_request
    method()
  File "/Users/chuck/Project_Alpha_POC/Project_Sequoia/QA_terminal/server.py", line 265, in do_GET
    self.send_json({'error': str(e)}, status=500)
  File "/Users/chuck/Project_Alpha_POC/Project_Sequoia/QA_terminal/server.py", line 315, in send_json
    self.end_headers()
  File "/Library/Developer/CommandLineTools/Library/Frameworks/Python3.framework/Versions/3.9/lib/python3.9/http/server.py", line 536, in end_headers
    self.flush_headers()
  File "/Library/Developer/CommandLineTools/Library/Frameworks/Python3.framework/Versions/3.9/lib/python3.9/http/server.py", line 540, in flush_headers
    self.wfile.write(b"".join(self._headers_buffer))
  File "/Library/Developer/CommandLineTools/Library/Frameworks/Python3.framework/Versions/3.9/lib/python3.9/socketserver.py", line 826, in write
    self._sock.sendall(b)
BrokenPipeError: [Errno 32] Broken pipe
----------------------------------------
----------------------------------------
Exception occurred during processing of request from ('127.0.0.1', 50213)
Traceback (most recent call last):
  File "/Users/chuck/Project_Alpha_POC/Project_Sequoia/QA_terminal/server.py", line 262, in do_GET
    getattr(self, handler_name)(qs)
  File "/Users/chuck/Project_Alpha_POC/Project_Sequoia/QA_terminal/server.py", line 352, in handle_quotes
    self.send_json(get_quotes(tickers))
  File "/Users/chuck/Project_Alpha_POC/Project_Sequoia/QA_terminal/server.py", line 316, in send_json
    self.wfile.write(json.dumps(clean_dict(data), cls=SafeJSONEncoder).encode())
  File "/Library/Developer/CommandLineTools/Library/Frameworks/Python3.framework/Versions/3.9/lib/python3.9/socketserver.py", line 826, in write
    self._sock.sendall(b)
BrokenPipeError: [Errno 32] Broken pipe

During handling of the above exception, another exception occurred:

Traceback (most recent call last):
  File "/Library/Developer/CommandLineTools/Library/Frameworks/Python3.framework/Versions/3.9/lib/python3.9/socketserver.py", line 316, in _handle_request_noblock
    self.process_request(request, client_address)
  File "/Library/Developer/CommandLineTools/Library/Frameworks/Python3.framework/Versions/3.9/lib/python3.9/socketserver.py", line 347, in process_request
    self.finish_request(request, client_address)
  File "/Library/Developer/CommandLineTools/Library/Frameworks/Python3.framework/Versions/3.9/lib/python3.9/socketserver.py", line 360, in finish_request
    self.RequestHandlerClass(request, client_address, self)
  File "/Library/Developer/CommandLineTools/Library/Frameworks/Python3.framework/Versions/3.9/lib/python3.9/http/server.py", line 660, in __init__
    super().__init__(*args, **kwargs)
  File "/Library/Developer/CommandLineTools/Library/Frameworks/Python3.framework/Versions/3.9/lib/python3.9/socketserver.py", line 747, in __init__
    self.handle()
  File "/Library/Developer/CommandLineTools/Library/Frameworks/Python3.framework/Versions/3.9/lib/python3.9/http/server.py", line 434, in handle
    self.handle_one_request()
  File "/Library/Developer/CommandLineTools/Library/Frameworks/Python3.framework/Versions/3.9/lib/python3.9/http/server.py", line 422, in handle_one_request
    method()
  File "/Users/chuck/Project_Alpha_POC/Project_Sequoia/QA_terminal/server.py", line 265, in do_GET
    self.send_json({'error': str(e)}, status=500)
  File "/Users/chuck/Project_Alpha_POC/Project_Sequoia/QA_terminal/server.py", line 315, in send_json
    self.end_headers()
  File "/Library/Developer/CommandLineTools/Library/Frameworks/Python3.framework/Versions/3.9/lib/python3.9/http/server.py", line 536, in end_headers
    self.flush_headers()
  File "/Library/Developer/CommandLineTools/Library/Frameworks/Python3.framework/Versions/3.9/lib/python3.9/http/server.py", line 540, in flush_headers
    self.wfile.write(b"".join(self._headers_buffer))
  File "/Library/Developer/CommandLineTools/Library/Frameworks/Python3.framework/Versions/3.9/lib/python3.9/socketserver.py", line 826, in write
    self._sock.sendall(b)
BrokenPipeError: [Errno 32] Broken pipe
----------------------------------------
----------------------------------------
Exception occurred during processing of request from ('127.0.0.1', 50222)
Traceback (most recent call last):
  File "/Users/chuck/Project_Alpha_POC/Project_Sequoia/QA_terminal/server.py", line 262, in do_GET
    getattr(self, handler_name)(qs)
  File "/Users/chuck/Project_Alpha_POC/Project_Sequoia/QA_terminal/server.py", line 352, in handle_quotes
    self.send_json(get_quotes(tickers))
  File "/Users/chuck/Project_Alpha_POC/Project_Sequoia/QA_terminal/server.py", line 316, in send_json
    self.wfile.write(json.dumps(clean_dict(data), cls=SafeJSONEncoder).encode())
  File "/Library/Developer/CommandLineTools/Library/Frameworks/Python3.framework/Versions/3.9/lib/python3.9/socketserver.py", line 826, in write
    self._sock.sendall(b)
BrokenPipeError: [Errno 32] Broken pipe

During handling of the above exception, another exception occurred:

Traceback (most recent call last):
  File "/Library/Developer/CommandLineTools/Library/Frameworks/Python3.framework/Versions/3.9/lib/python3.9/socketserver.py", line 316, in _handle_request_noblock
    self.process_request(request, client_address)
  File "/Library/Developer/CommandLineTools/Library/Frameworks/Python3.framework/Versions/3.9/lib/python3.9/socketserver.py", line 347, in process_request
    self.finish_request(request, client_address)
  File "/Library/Developer/CommandLineTools/Library/Frameworks/Python3.framework/Versions/3.9/lib/python3.9/socketserver.py", line 360, in finish_request
    self.RequestHandlerClass(request, client_address, self)
  File "/Library/Developer/CommandLineTools/Library/Frameworks/Python3.framework/Versions/3.9/lib/python3.9/http/server.py", line 660, in __init__
    super().__init__(*args, **kwargs)
  File "/Library/Developer/CommandLineTools/Library/Frameworks/Python3.framework/Versions/3.9/lib/python3.9/socketserver.py", line 747, in __init__
    self.handle()
  File "/Library/Developer/CommandLineTools/Library/Frameworks/Python3.framework/Versions/3.9/lib/python3.9/http/server.py", line 434, in handle
    self.handle_one_request()
  File "/Library/Developer/CommandLineTools/Library/Frameworks/Python3.framework/Versions/3.9/lib/python3.9/http/server.py", line 422, in handle_one_request
    method()
  File "/Users/chuck/Project_Alpha_POC/Project_Sequoia/QA_terminal/server.py", line 265, in do_GET
    self.send_json({'error': str(e)}, status=500)
  File "/Users/chuck/Project_Alpha_POC/Project_Sequoia/QA_terminal/server.py", line 315, in send_json
    self.end_headers()
  File "/Library/Developer/CommandLineTools/Library/Frameworks/Python3.framework/Versions/3.9/lib/python3.9/http/server.py", line 536, in end_headers
    self.flush_headers()
  File "/Library/Developer/CommandLineTools/Library/Frameworks/Python3.framework/Versions/3.9/lib/python3.9/http/server.py", line 540, in flush_headers
    self.wfile.write(b"".join(self._headers_buffer))
  File "/Library/Developer/CommandLineTools/Library/Frameworks/Python3.framework/Versions/3.9/lib/python3.9/socketserver.py", line 826, in write
    self._sock.sendall(b)
BrokenPipeError: [Errno 32] Broken pipe
----------------------------------------
----------------------------------------
Exception occurred during processing of request from ('127.0.0.1', 50227)
Traceback (most recent call last):
  File "/Users/chuck/Project_Alpha_POC/Project_Sequoia/QA_terminal/server.py", line 262, in do_GET
    getattr(self, handler_name)(qs)
  File "/Users/chuck/Project_Alpha_POC/Project_Sequoia/QA_terminal/server.py", line 352, in handle_quotes
    self.send_json(get_quotes(tickers))
  File "/Users/chuck/Project_Alpha_POC/Project_Sequoia/QA_terminal/server.py", line 316, in send_json
    self.wfile.write(json.dumps(clean_dict(data), cls=SafeJSONEncoder).encode())
  File "/Library/Developer/CommandLineTools/Library/Frameworks/Python3.framework/Versions/3.9/lib/python3.9/socketserver.py", line 826, in write
    self._sock.sendall(b)
BrokenPipeError: [Errno 32] Broken pipe

During handling of the above exception, another exception occurred:

Traceback (most recent call last):
  File "/Library/Developer/CommandLineTools/Library/Frameworks/Python3.framework/Versions/3.9/lib/python3.9/socketserver.py", line 316, in _handle_request_noblock
    self.process_request(request, client_address)
  File "/Library/Developer/CommandLineTools/Library/Frameworks/Python3.framework/Versions/3.9/lib/python3.9/socketserver.py", line 347, in process_request
    self.finish_request(request, client_address)
  File "/Library/Developer/CommandLineTools/Library/Frameworks/Python3.framework/Versions/3.9/lib/python3.9/socketserver.py", line 360, in finish_request
    self.RequestHandlerClass(request, client_address, self)
  File "/Library/Developer/CommandLineTools/Library/Frameworks/Python3.framework/Versions/3.9/lib/python3.9/http/server.py", line 660, in __init__
    super().__init__(*args, **kwargs)
  File "/Library/Developer/CommandLineTools/Library/Frameworks/Python3.framework/Versions/3.9/lib/python3.9/socketserver.py", line 747, in __init__
    self.handle()
  File "/Library/Developer/CommandLineTools/Library/Frameworks/Python3.framework/Versions/3.9/lib/python3.9/http/server.py", line 434, in handle
    self.handle_one_request()
  File "/Library/Developer/CommandLineTools/Library/Frameworks/Python3.framework/Versions/3.9/lib/python3.9/http/server.py", line 422, in handle_one_request
    method()
  File "/Users/chuck/Project_Alpha_POC/Project_Sequoia/QA_terminal/server.py", line 265, in do_GET
    self.send_json({'error': str(e)}, status=500)
  File "/Users/chuck/Project_Alpha_POC/Project_Sequoia/QA_terminal/server.py", line 315, in send_json
    self.end_headers()
  File "/Library/Developer/CommandLineTools/Library/Frameworks/Python3.framework/Versions/3.9/lib/python3.9/http/server.py", line 536, in end_headers
    self.flush_headers()
  File "/Library/Developer/CommandLineTools/Library/Frameworks/Python3.framework/Versions/3.9/lib/python3.9/http/server.py", line 540, in flush_headers
    self.wfile.write(b"".join(self._headers_buffer))
  File "/Library/Developer/CommandLineTools/Library/Frameworks/Python3.framework/Versions/3.9/lib/python3.9/socketserver.py", line 826, in write
    self._sock.sendall(b)
BrokenPipeError: [Errno 32] Broken pipe
----------------------------------------
----------------------------------------
Exception occurred during processing of request from ('127.0.0.1', 50234)
Traceback (most recent call last):
  File "/Users/chuck/Project_Alpha_POC/Project_Sequoia/QA_terminal/server.py", line 262, in do_GET
    getattr(self, handler_name)(qs)
  File "/Users/chuck/Project_Alpha_POC/Project_Sequoia/QA_terminal/server.py", line 352, in handle_quotes
    self.send_json(get_quotes(tickers))
  File "/Users/chuck/Project_Alpha_POC/Project_Sequoia/QA_terminal/server.py", line 316, in send_json
    self.wfile.write(json.dumps(clean_dict(data), cls=SafeJSONEncoder).encode())
  File "/Library/Developer/CommandLineTools/Library/Frameworks/Python3.framework/Versions/3.9/lib/python3.9/socketserver.py", line 826, in write
    self._sock.sendall(b)
BrokenPipeError: [Errno 32] Broken pipe

During handling of the above exception, another exception occurred:

Traceback (most recent call last):
  File "/Library/Developer/CommandLineTools/Library/Frameworks/Python3.framework/Versions/3.9/lib/python3.9/socketserver.py", line 316, in _handle_request_noblock
    self.process_request(request, client_address)
  File "/Library/Developer/CommandLineTools/Library/Frameworks/Python3.framework/Versions/3.9/lib/python3.9/socketserver.py", line 347, in process_request
    self.finish_request(request, client_address)
  File "/Library/Developer/CommandLineTools/Library/Frameworks/Python3.framework/Versions/3.9/lib/python3.9/socketserver.py", line 360, in finish_request
    self.RequestHandlerClass(request, client_address, self)
  File "/Library/Developer/CommandLineTools/Library/Frameworks/Python3.framework/Versions/3.9/lib/python3.9/http/server.py", line 660, in __init__
    super().__init__(*args, **kwargs)
  File "/Library/Developer/CommandLineTools/Library/Frameworks/Python3.framework/Versions/3.9/lib/python3.9/socketserver.py", line 747, in __init__
    self.handle()
  File "/Library/Developer/CommandLineTools/Library/Frameworks/Python3.framework/Versions/3.9/lib/python3.9/http/server.py", line 434, in handle
    self.handle_one_request()
  File "/Library/Developer/CommandLineTools/Library/Frameworks/Python3.framework/Versions/3.9/lib/python3.9/http/server.py", line 422, in handle_one_request
    method()
  File "/Users/chuck/Project_Alpha_POC/Project_Sequoia/QA_terminal/server.py", line 265, in do_GET
    self.send_json({'error': str(e)}, status=500)
  File "/Users/chuck/Project_Alpha_POC/Project_Sequoia/QA_terminal/server.py", line 315, in send_json
    self.end_headers()
  File "/Library/Developer/CommandLineTools/Library/Frameworks/Python3.framework/Versions/3.9/lib/python3.9/http/server.py", line 536, in end_headers
    self.flush_headers()
  File "/Library/Developer/CommandLineTools/Library/Frameworks/Python3.framework/Versions/3.9/lib/python3.9/http/server.py", line 540, in flush_headers
    self.wfile.write(b"".join(self._headers_buffer))
  File "/Library/Developer/CommandLineTools/Library/Frameworks/Python3.framework/Versions/3.9/lib/python3.9/socketserver.py", line 826, in write
    self._sock.sendall(b)
BrokenPipeError: [Errno 32] Broken pipe
----------------------------------------
----------------------------------------
Exception occurred during processing of request from ('127.0.0.1', 50236)
Traceback (most recent call last):
  File "/Users/chuck/Project_Alpha_POC/Project_Sequoia/QA_terminal/server.py", line 262, in do_GET
    getattr(self, handler_name)(qs)
  File "/Users/chuck/Project_Alpha_POC/Project_Sequoia/QA_terminal/server.py", line 352, in handle_quotes
    self.send_json(get_quotes(tickers))
  File "/Users/chuck/Project_Alpha_POC/Project_Sequoia/QA_terminal/server.py", line 315, in send_json
    self.end_headers()
  File "/Library/Developer/CommandLineTools/Library/Frameworks/Python3.framework/Versions/3.9/lib/python3.9/http/server.py", line 536, in end_headers
    self.flush_headers()
  File "/Library/Developer/CommandLineTools/Library/Frameworks/Python3.framework/Versions/3.9/lib/python3.9/http/server.py", line 540, in flush_headers
    self.wfile.write(b"".join(self._headers_buffer))
  File "/Library/Developer/CommandLineTools/Library/Frameworks/Python3.framework/Versions/3.9/lib/python3.9/socketserver.py", line 826, in write
    self._sock.sendall(b)
BrokenPipeError: [Errno 32] Broken pipe

During handling of the above exception, another exception occurred:

Traceback (most recent call last):
  File "/Library/Developer/CommandLineTools/Library/Frameworks/Python3.framework/Versions/3.9/lib/python3.9/socketserver.py", line 316, in _handle_request_noblock
    self.process_request(request, client_address)
  File "/Library/Developer/CommandLineTools/Library/Frameworks/Python3.framework/Versions/3.9/lib/python3.9/socketserver.py", line 347, in process_request
    self.finish_request(request, client_address)
  File "/Library/Developer/CommandLineTools/Library/Frameworks/Python3.framework/Versions/3.9/lib/python3.9/socketserver.py", line 360, in finish_request
    self.RequestHandlerClass(request, client_address, self)
  File "/Library/Developer/CommandLineTools/Library/Frameworks/Python3.framework/Versions/3.9/lib/python3.9/http/server.py", line 660, in __init__
    super().__init__(*args, **kwargs)
  File "/Library/Developer/CommandLineTools/Library/Frameworks/Python3.framework/Versions/3.9/lib/python3.9/socketserver.py", line 747, in __init__
    self.handle()
  File "/Library/Developer/CommandLineTools/Library/Frameworks/Python3.framework/Versions/3.9/lib/python3.9/http/server.py", line 434, in handle
    self.handle_one_request()
  File "/Library/Developer/CommandLineTools/Library/Frameworks/Python3.framework/Versions/3.9/lib/python3.9/http/server.py", line 422, in handle_one_request
    method()
  File "/Users/chuck/Project_Alpha_POC/Project_Sequoia/QA_terminal/server.py", line 265, in do_GET
    self.send_json({'error': str(e)}, status=500)
  File "/Users/chuck/Project_Alpha_POC/Project_Sequoia/QA_terminal/server.py", line 315, in send_json
    self.end_headers()
  File "/Library/Developer/CommandLineTools/Library/Frameworks/Python3.framework/Versions/3.9/lib/python3.9/http/server.py", line 536, in end_headers
    self.flush_headers()
  File "/Library/Developer/CommandLineTools/Library/Frameworks/Python3.framework/Versions/3.9/lib/python3.9/http/server.py", line 540, in flush_headers
    self.wfile.write(b"".join(self._headers_buffer))
  File "/Library/Developer/CommandLineTools/Library/Frameworks/Python3.framework/Versions/3.9/lib/python3.9/socketserver.py", line 826, in write
    self._sock.sendall(b)
BrokenPipeError: [Errno 32] Broken pipe
----------------------------------------
----------------------------------------
Exception occurred during processing of request from ('127.0.0.1', 50252)
Traceback (most recent call last):
  File "/Users/chuck/Project_Alpha_POC/Project_Sequoia/QA_terminal/server.py", line 262, in do_GET
    getattr(self, handler_name)(qs)
  File "/Users/chuck/Project_Alpha_POC/Project_Sequoia/QA_terminal/server.py", line 352, in handle_quotes
    self.send_json(get_quotes(tickers))
  File "/Users/chuck/Project_Alpha_POC/Project_Sequoia/QA_terminal/server.py", line 315, in send_json
    self.end_headers()
  File "/Library/Developer/CommandLineTools/Library/Frameworks/Python3.framework/Versions/3.9/lib/python3.9/http/server.py", line 536, in end_headers
    self.flush_headers()
  File "/Library/Developer/CommandLineTools/Library/Frameworks/Python3.framework/Versions/3.9/lib/python3.9/http/server.py", line 540, in flush_headers
    self.wfile.write(b"".join(self._headers_buffer))
  File "/Library/Developer/CommandLineTools/Library/Frameworks/Python3.framework/Versions/3.9/lib/python3.9/socketserver.py", line 826, in write
    self._sock.sendall(b)
BrokenPipeError: [Errno 32] Broken pipe

During handling of the above exception, another exception occurred:

Traceback (most recent call last):
  File "/Library/Developer/CommandLineTools/Library/Frameworks/Python3.framework/Versions/3.9/lib/python3.9/socketserver.py", line 316, in _handle_request_noblock
    self.process_request(request, client_address)
  File "/Library/Developer/CommandLineTools/Library/Frameworks/Python3.framework/Versions/3.9/lib/python3.9/socketserver.py", line 347, in process_request
    self.finish_request(request, client_address)
  File "/Library/Developer/CommandLineTools/Library/Frameworks/Python3.framework/Versions/3.9/lib/python3.9/socketserver.py", line 360, in finish_request
    self.RequestHandlerClass(request, client_address, self)
  File "/Library/Developer/CommandLineTools/Library/Frameworks/Python3.framework/Versions/3.9/lib/python3.9/http/server.py", line 660, in __init__
    super().__init__(*args, **kwargs)
  File "/Library/Developer/CommandLineTools/Library/Frameworks/Python3.framework/Versions/3.9/lib/python3.9/socketserver.py", line 747, in __init__
    self.handle()
  File "/Library/Developer/CommandLineTools/Library/Frameworks/Python3.framework/Versions/3.9/lib/python3.9/http/server.py", line 434, in handle
    self.handle_one_request()
  File "/Library/Developer/CommandLineTools/Library/Frameworks/Python3.framework/Versions/3.9/lib/python3.9/http/server.py", line 422, in handle_one_request
    method()
  File "/Users/chuck/Project_Alpha_POC/Project_Sequoia/QA_terminal/server.py", line 265, in do_GET
    self.send_json({'error': str(e)}, status=500)
  File "/Users/chuck/Project_Alpha_POC/Project_Sequoia/QA_terminal/server.py", line 315, in send_json
    self.end_headers()
  File "/Library/Developer/CommandLineTools/Library/Frameworks/Python3.framework/Versions/3.9/lib/python3.9/http/server.py", line 536, in end_headers
    self.flush_headers()
  File "/Library/Developer/CommandLineTools/Library/Frameworks/Python3.framework/Versions/3.9/lib/python3.9/http/server.py", line 540, in flush_headers
    self.wfile.write(b"".join(self._headers_buffer))
  File "/Library/Developer/CommandLineTools/Library/Frameworks/Python3.framework/Versions/3.9/lib/python3.9/socketserver.py", line 826, in write
    self._sock.sendall(b)
BrokenPipeError: [Errno 32] Broken pipe
----------------------------------------
----------------------------------------
Exception occurred during processing of request from ('127.0.0.1', 50461)
Traceback (most recent call last):
  File "/Users/chuck/Project_Alpha_POC/Project_Sequoia/QA_terminal/server.py", line 262, in do_GET
    getattr(self, handler_name)(qs)
  File "/Users/chuck/Project_Alpha_POC/Project_Sequoia/QA_terminal/server.py", line 352, in handle_quotes
    self.send_json(get_quotes(tickers))
  File "/Users/chuck/Project_Alpha_POC/Project_Sequoia/QA_terminal/server.py", line 316, in send_json
    self.wfile.write(json.dumps(clean_dict(data), cls=SafeJSONEncoder).encode())
  File "/Library/Developer/CommandLineTools/Library/Frameworks/Python3.framework/Versions/3.9/lib/python3.9/socketserver.py", line 826, in write
    self._sock.sendall(b)
BrokenPipeError: [Errno 32] Broken pipe

During handling of the above exception, another exception occurred:

Traceback (most recent call last):
  File "/Library/Developer/CommandLineTools/Library/Frameworks/Python3.framework/Versions/3.9/lib/python3.9/socketserver.py", line 316, in _handle_request_noblock
    self.process_request(request, client_address)
  File "/Library/Developer/CommandLineTools/Library/Frameworks/Python3.framework/Versions/3.9/lib/python3.9/socketserver.py", line 347, in process_request
    self.finish_request(request, client_address)
  File "/Library/Developer/CommandLineTools/Library/Frameworks/Python3.framework/Versions/3.9/lib/python3.9/socketserver.py", line 360, in finish_request
    self.RequestHandlerClass(request, client_address, self)
  File "/Library/Developer/CommandLineTools/Library/Frameworks/Python3.framework/Versions/3.9/lib/python3.9/http/server.py", line 660, in __init__
    super().__init__(*args, **kwargs)
  File "/Library/Developer/CommandLineTools/Library/Frameworks/Python3.framework/Versions/3.9/lib/python3.9/socketserver.py", line 747, in __init__
    self.handle()
  File "/Library/Developer/CommandLineTools/Library/Frameworks/Python3.framework/Versions/3.9/lib/python3.9/http/server.py", line 434, in handle
    self.handle_one_request()
  File "/Library/Developer/CommandLineTools/Library/Frameworks/Python3.framework/Versions/3.9/lib/python3.9/http/server.py", line 422, in handle_one_request
    method()
  File "/Users/chuck/Project_Alpha_POC/Project_Sequoia/QA_terminal/server.py", line 265, in do_GET
    self.send_json({'error': str(e)}, status=500)
  File "/Users/chuck/Project_Alpha_POC/Project_Sequoia/QA_terminal/server.py", line 315, in send_json
    self.end_headers()
  File "/Library/Developer/CommandLineTools/Library/Frameworks/Python3.framework/Versions/3.9/lib/python3.9/http/server.py", line 536, in end_headers
    self.flush_headers()
  File "/Library/Developer/CommandLineTools/Library/Frameworks/Python3.framework/Versions/3.9/lib/python3.9/http/server.py", line 540, in flush_headers
    self.wfile.write(b"".join(self._headers_buffer))
  File "/Library/Developer/CommandLineTools/Library/Frameworks/Python3.framework/Versions/3.9/lib/python3.9/socketserver.py", line 826, in write
    self._sock.sendall(b)
BrokenPipeError: [Errno 32] Broken pipe
----------------------------------------
----------------------------------------
Exception occurred during processing of request from ('127.0.0.1', 50472)
Traceback (most recent call last):
  File "/Library/Developer/CommandLineTools/Library/Frameworks/Python3.framework/Versions/3.9/lib/python3.9/socketserver.py", line 316, in _handle_request_noblock
    self.process_request(request, client_address)
  File "/Library/Developer/CommandLineTools/Library/Frameworks/Python3.framework/Versions/3.9/lib/python3.9/socketserver.py", line 347, in process_request
    self.finish_request(request, client_address)
  File "/Library/Developer/CommandLineTools/Library/Frameworks/Python3.framework/Versions/3.9/lib/python3.9/socketserver.py", line 360, in finish_request
    self.RequestHandlerClass(request, client_address, self)
  File "/Library/Developer/CommandLineTools/Library/Frameworks/Python3.framework/Versions/3.9/lib/python3.9/http/server.py", line 660, in __init__
    super().__init__(*args, **kwargs)
  File "/Library/Developer/CommandLineTools/Library/Frameworks/Python3.framework/Versions/3.9/lib/python3.9/socketserver.py", line 747, in __init__
    self.handle()
  File "/Library/Developer/CommandLineTools/Library/Frameworks/Python3.framework/Versions/3.9/lib/python3.9/http/server.py", line 434, in handle
    self.handle_one_request()
  File "/Library/Developer/CommandLineTools/Library/Frameworks/Python3.framework/Versions/3.9/lib/python3.9/http/server.py", line 422, in handle_one_request
    method()
  File "/Users/chuck/Project_Alpha_POC/Project_Sequoia/QA_terminal/server.py", line 285, in do_GET
    self.serve_file(filename)
  File "/Users/chuck/Project_Alpha_POC/Project_Sequoia/QA_terminal/server.py", line 307, in serve_file
    self.wfile.write(content.encode())
  File "/Library/Developer/CommandLineTools/Library/Frameworks/Python3.framework/Versions/3.9/lib/python3.9/socketserver.py", line 826, in write
    self._sock.sendall(b)
BrokenPipeError: [Errno 32] Broken pipe
----------------------------------------
----------------------------------------
Exception occurred during processing of request from ('127.0.0.1', 50519)
Traceback (most recent call last):
  File "/Users/chuck/Project_Alpha_POC/Project_Sequoia/QA_terminal/server.py", line 262, in do_GET
    getattr(self, handler_name)(qs)
  File "/Users/chuck/Project_Alpha_POC/Project_Sequoia/QA_terminal/server.py", line 352, in handle_quotes
    self.send_json(get_quotes(tickers))
  File "/Users/chuck/Project_Alpha_POC/Project_Sequoia/QA_terminal/server.py", line 316, in send_json
    self.wfile.write(json.dumps(clean_dict(data), cls=SafeJSONEncoder).encode())
  File "/Library/Developer/CommandLineTools/Library/Frameworks/Python3.framework/Versions/3.9/lib/python3.9/socketserver.py", line 826, in write
    self._sock.sendall(b)
BrokenPipeError: [Errno 32] Broken pipe

During handling of the above exception, another exception occurred:

Traceback (most recent call last):
  File "/Library/Developer/CommandLineTools/Library/Frameworks/Python3.framework/Versions/3.9/lib/python3.9/socketserver.py", line 316, in _handle_request_noblock
    self.process_request(request, client_address)
  File "/Library/Developer/CommandLineTools/Library/Frameworks/Python3.framework/Versions/3.9/lib/python3.9/socketserver.py", line 347, in process_request
    self.finish_request(request, client_address)
  File "/Library/Developer/CommandLineTools/Library/Frameworks/Python3.framework/Versions/3.9/lib/python3.9/socketserver.py", line 360, in finish_request
    self.RequestHandlerClass(request, client_address, self)
  File "/Library/Developer/CommandLineTools/Library/Frameworks/Python3.framework/Versions/3.9/lib/python3.9/http/server.py", line 660, in __init__
    super().__init__(*args, **kwargs)
  File "/Library/Developer/CommandLineTools/Library/Frameworks/Python3.framework/Versions/3.9/lib/python3.9/socketserver.py", line 747, in __init__
    self.handle()
  File "/Library/Developer/CommandLineTools/Library/Frameworks/Python3.framework/Versions/3.9/lib/python3.9/http/server.py", line 434, in handle
    self.handle_one_request()
  File "/Library/Developer/CommandLineTools/Library/Frameworks/Python3.framework/Versions/3.9/lib/python3.9/http/server.py", line 422, in handle_one_request
    method()
  File "/Users/chuck/Project_Alpha_POC/Project_Sequoia/QA_terminal/server.py", line 265, in do_GET
    self.send_json({'error': str(e)}, status=500)
  File "/Users/chuck/Project_Alpha_POC/Project_Sequoia/QA_terminal/server.py", line 315, in send_json
    self.end_headers()
  File "/Library/Developer/CommandLineTools/Library/Frameworks/Python3.framework/Versions/3.9/lib/python3.9/http/server.py", line 536, in end_headers
    self.flush_headers()
  File "/Library/Developer/CommandLineTools/Library/Frameworks/Python3.framework/Versions/3.9/lib/python3.9/http/server.py", line 540, in flush_headers
    self.wfile.write(b"".join(self._headers_buffer))
  File "/Library/Developer/CommandLineTools/Library/Frameworks/Python3.framework/Versions/3.9/lib/python3.9/socketserver.py", line 826, in write
    self._sock.sendall(b)
BrokenPipeError: [Errno 32] Broken pipe
----------------------------------------
----------------------------------------
Exception occurred during processing of request from ('127.0.0.1', 50848)
Traceback (most recent call last):
  File "/Users/chuck/Project_Alpha_POC/Project_Sequoia/QA_terminal/server.py", line 262, in do_GET
    getattr(self, handler_name)(qs)
  File "/Users/chuck/Project_Alpha_POC/Project_Sequoia/QA_terminal/server.py", line 352, in handle_quotes
    self.send_json(get_quotes(tickers))
  File "/Users/chuck/Project_Alpha_POC/Project_Sequoia/QA_terminal/server.py", line 316, in send_json
    self.wfile.write(json.dumps(clean_dict(data), cls=SafeJSONEncoder).encode())
  File "/Library/Developer/CommandLineTools/Library/Frameworks/Python3.framework/Versions/3.9/lib/python3.9/socketserver.py", line 826, in write
    self._sock.sendall(b)
BrokenPipeError: [Errno 32] Broken pipe

During handling of the above exception, another exception occurred:

Traceback (most recent call last):
  File "/Library/Developer/CommandLineTools/Library/Frameworks/Python3.framework/Versions/3.9/lib/python3.9/socketserver.py", line 316, in _handle_request_noblock
    self.process_request(request, client_address)
  File "/Library/Developer/CommandLineTools/Library/Frameworks/Python3.framework/Versions/3.9/lib/python3.9/socketserver.py", line 347, in process_request
    self.finish_request(request, client_address)
  File "/Library/Developer/CommandLineTools/Library/Frameworks/Python3.framework/Versions/3.9/lib/python3.9/socketserver.py", line 360, in finish_request
    self.RequestHandlerClass(request, client_address, self)
  File "/Library/Developer/CommandLineTools/Library/Frameworks/Python3.framework/Versions/3.9/lib/python3.9/http/server.py", line 660, in __init__
    super().__init__(*args, **kwargs)
  File "/Library/Developer/CommandLineTools/Library/Frameworks/Python3.framework/Versions/3.9/lib/python3.9/socketserver.py", line 747, in __init__
    self.handle()
  File "/Library/Developer/CommandLineTools/Library/Frameworks/Python3.framework/Versions/3.9/lib/python3.9/http/server.py", line 434, in handle
    self.handle_one_request()
  File "/Library/Developer/CommandLineTools/Library/Frameworks/Python3.framework/Versions/3.9/lib/python3.9/http/server.py", line 422, in handle_one_request
    method()
  File "/Users/chuck/Project_Alpha_POC/Project_Sequoia/QA_terminal/server.py", line 265, in do_GET
    self.send_json({'error': str(e)}, status=500)
  File "/Users/chuck/Project_Alpha_POC/Project_Sequoia/QA_terminal/server.py", line 315, in send_json
    self.end_headers()
  File "/Library/Developer/CommandLineTools/Library/Frameworks/Python3.framework/Versions/3.9/lib/python3.9/http/server.py", line 536, in end_headers
    self.flush_headers()
  File "/Library/Developer/CommandLineTools/Library/Frameworks/Python3.framework/Versions/3.9/lib/python3.9/http/server.py", line 540, in flush_headers
    self.wfile.write(b"".join(self._headers_buffer))
  File "/Library/Developer/CommandLineTools/Library/Frameworks/Python3.framework/Versions/3.9/lib/python3.9/socketserver.py", line 826, in write
    self._sock.sendall(b)
BrokenPipeError: [Errno 32] Broken pipe
----------------------------------------
----------------------------------------
Exception occurred during processing of request from ('127.0.0.1', 50871)
Traceback (most recent call last):
  File "/Library/Developer/CommandLineTools/Library/Frameworks/Python3.framework/Versions/3.9/lib/python3.9/socketserver.py", line 316, in _handle_request_noblock
    self.process_request(request, client_address)
  File "/Library/Developer/CommandLineTools/Library/Frameworks/Python3.framework/Versions/3.9/lib/python3.9/socketserver.py", line 347, in process_request
    self.finish_request(request, client_address)
  File "/Library/Developer/CommandLineTools/Library/Frameworks/Python3.framework/Versions/3.9/lib/python3.9/socketserver.py", line 360, in finish_request
    self.RequestHandlerClass(request, client_address, self)
  File "/Library/Developer/CommandLineTools/Library/Frameworks/Python3.framework/Versions/3.9/lib/python3.9/http/server.py", line 660, in __init__
    super().__init__(*args, **kwargs)
  File "/Library/Developer/CommandLineTools/Library/Frameworks/Python3.framework/Versions/3.9/lib/python3.9/socketserver.py", line 747, in __init__
    self.handle()
  File "/Library/Developer/CommandLineTools/Library/Frameworks/Python3.framework/Versions/3.9/lib/python3.9/http/server.py", line 434, in handle
    self.handle_one_request()
  File "/Library/Developer/CommandLineTools/Library/Frameworks/Python3.framework/Versions/3.9/lib/python3.9/http/server.py", line 422, in handle_one_request
    method()
  File "/Users/chuck/Project_Alpha_POC/Project_Sequoia/QA_terminal/server.py", line 285, in do_GET
    self.serve_file(filename)
  File "/Users/chuck/Project_Alpha_POC/Project_Sequoia/QA_terminal/server.py", line 307, in serve_file
    self.wfile.write(content.encode())
  File "/Library/Developer/CommandLineTools/Library/Frameworks/Python3.framework/Versions/3.9/lib/python3.9/socketserver.py", line 826, in write
    self._sock.sendall(b)
ConnectionResetError: [Errno 54] Connection reset by peer
----------------------------------------
----------------------------------------
Exception occurred during processing of request from ('127.0.0.1', 50914)
Traceback (most recent call last):
  File "/Users/chuck/Project_Alpha_POC/Project_Sequoia/QA_terminal/server.py", line 262, in do_GET
    getattr(self, handler_name)(qs)
  File "/Users/chuck/Project_Alpha_POC/Project_Sequoia/QA_terminal/server.py", line 352, in handle_quotes
    self.send_json(get_quotes(tickers))
  File "/Users/chuck/Project_Alpha_POC/Project_Sequoia/QA_terminal/server.py", line 316, in send_json
    self.wfile.write(json.dumps(clean_dict(data), cls=SafeJSONEncoder).encode())
  File "/Library/Developer/CommandLineTools/Library/Frameworks/Python3.framework/Versions/3.9/lib/python3.9/socketserver.py", line 826, in write
    self._sock.sendall(b)
BrokenPipeError: [Errno 32] Broken pipe

During handling of the above exception, another exception occurred:

Traceback (most recent call last):
  File "/Library/Developer/CommandLineTools/Library/Frameworks/Python3.framework/Versions/3.9/lib/python3.9/socketserver.py", line 316, in _handle_request_noblock
    self.process_request(request, client_address)
  File "/Library/Developer/CommandLineTools/Library/Frameworks/Python3.framework/Versions/3.9/lib/python3.9/socketserver.py", line 347, in process_request
    self.finish_request(request, client_address)
  File "/Library/Developer/CommandLineTools/Library/Frameworks/Python3.framework/Versions/3.9/lib/python3.9/socketserver.py", line 360, in finish_request
    self.RequestHandlerClass(request, client_address, self)
  File "/Library/Developer/CommandLineTools/Library/Frameworks/Python3.framework/Versions/3.9/lib/python3.9/http/server.py", line 660, in __init__
    super().__init__(*args, **kwargs)
  File "/Library/Developer/CommandLineTools/Library/Frameworks/Python3.framework/Versions/3.9/lib/python3.9/socketserver.py", line 747, in __init__
    self.handle()
  File "/Library/Developer/CommandLineTools/Library/Frameworks/Python3.framework/Versions/3.9/lib/python3.9/http/server.py", line 434, in handle
    self.handle_one_request()
  File "/Library/Developer/CommandLineTools/Library/Frameworks/Python3.framework/Versions/3.9/lib/python3.9/http/server.py", line 422, in handle_one_request
    method()
  File "/Users/chuck/Project_Alpha_POC/Project_Sequoia/QA_terminal/server.py", line 265, in do_GET
    self.send_json({'error': str(e)}, status=500)
  File "/Users/chuck/Project_Alpha_POC/Project_Sequoia/QA_terminal/server.py", line 315, in send_json
    self.end_headers()
  File "/Library/Developer/CommandLineTools/Library/Frameworks/Python3.framework/Versions/3.9/lib/python3.9/http/server.py", line 536, in end_headers
    self.flush_headers()
  File "/Library/Developer/CommandLineTools/Library/Frameworks/Python3.framework/Versions/3.9/lib/python3.9/http/server.py", line 540, in flush_headers
    self.wfile.write(b"".join(self._headers_buffer))
  File "/Library/Developer/CommandLineTools/Library/Frameworks/Python3.framework/Versions/3.9/lib/python3.9/socketserver.py", line 826, in write
    self._sock.sendall(b)
BrokenPipeError: [Errno 32] Broken pipe
----------------------------------------
----------------------------------------
Exception occurred during processing of request from ('127.0.0.1', 51064)
Traceback (most recent call last):
  File "/Users/chuck/Project_Alpha_POC/Project_Sequoia/QA_terminal/server.py", line 262, in do_GET
    getattr(self, handler_name)(qs)
  File "/Users/chuck/Project_Alpha_POC/Project_Sequoia/QA_terminal/server.py", line 352, in handle_quotes
    self.send_json(get_quotes(tickers))
  File "/Users/chuck/Project_Alpha_POC/Project_Sequoia/QA_terminal/server.py", line 316, in send_json
    self.wfile.write(json.dumps(clean_dict(data), cls=SafeJSONEncoder).encode())
  File "/Library/Developer/CommandLineTools/Library/Frameworks/Python3.framework/Versions/3.9/lib/python3.9/socketserver.py", line 826, in write
    self._sock.sendall(b)
BrokenPipeError: [Errno 32] Broken pipe

During handling of the above exception, another exception occurred:

Traceback (most recent call last):
  File "/Library/Developer/CommandLineTools/Library/Frameworks/Python3.framework/Versions/3.9/lib/python3.9/socketserver.py", line 316, in _handle_request_noblock
    self.process_request(request, client_address)
  File "/Library/Developer/CommandLineTools/Library/Frameworks/Python3.framework/Versions/3.9/lib/python3.9/socketserver.py", line 347, in process_request
    self.finish_request(request, client_address)
  File "/Library/Developer/CommandLineTools/Library/Frameworks/Python3.framework/Versions/3.9/lib/python3.9/socketserver.py", line 360, in finish_request
    self.RequestHandlerClass(request, client_address, self)
  File "/Library/Developer/CommandLineTools/Library/Frameworks/Python3.framework/Versions/3.9/lib/python3.9/http/server.py", line 660, in __init__
    super().__init__(*args, **kwargs)
  File "/Library/Developer/CommandLineTools/Library/Frameworks/Python3.framework/Versions/3.9/lib/python3.9/socketserver.py", line 747, in __init__
    self.handle()
  File "/Library/Developer/CommandLineTools/Library/Frameworks/Python3.framework/Versions/3.9/lib/python3.9/http/server.py", line 434, in handle
    self.handle_one_request()
  File "/Library/Developer/CommandLineTools/Library/Frameworks/Python3.framework/Versions/3.9/lib/python3.9/http/server.py", line 422, in handle_one_request
    method()
  File "/Users/chuck/Project_Alpha_POC/Project_Sequoia/QA_terminal/server.py", line 265, in do_GET
    self.send_json({'error': str(e)}, status=500)
  File "/Users/chuck/Project_Alpha_POC/Project_Sequoia/QA_terminal/server.py", line 315, in send_json
    self.end_headers()
  File "/Library/Developer/CommandLineTools/Library/Frameworks/Python3.framework/Versions/3.9/lib/python3.9/http/server.py", line 536, in end_headers
    self.flush_headers()
  File "/Library/Developer/CommandLineTools/Library/Frameworks/Python3.framework/Versions/3.9/lib/python3.9/http/server.py", line 540, in flush_headers
    self.wfile.write(b"".join(self._headers_buffer))
  File "/Library/Developer/CommandLineTools/Library/Frameworks/Python3.framework/Versions/3.9/lib/python3.9/socketserver.py", line 826, in write
    self._sock.sendall(b)
BrokenPipeError: [Errno 32] Broken pipe
----------------------------------------
----------------------------------------
Exception occurred during processing of request from ('127.0.0.1', 51418)
Traceback (most recent call last):
  File "/Users/chuck/Project_Alpha_POC/Project_Sequoia/QA_terminal/server.py", line 262, in do_GET
    getattr(self, handler_name)(qs)
  File "/Users/chuck/Project_Alpha_POC/Project_Sequoia/QA_terminal/server.py", line 352, in handle_quotes
    self.send_json(get_quotes(tickers))
  File "/Users/chuck/Project_Alpha_POC/Project_Sequoia/QA_terminal/server.py", line 316, in send_json
    self.wfile.write(json.dumps(clean_dict(data), cls=SafeJSONEncoder).encode())
  File "/Library/Developer/CommandLineTools/Library/Frameworks/Python3.framework/Versions/3.9/lib/python3.9/socketserver.py", line 826, in write
    self._sock.sendall(b)
BrokenPipeError: [Errno 32] Broken pipe

During handling of the above exception, another exception occurred:

Traceback (most recent call last):
  File "/Library/Developer/CommandLineTools/Library/Frameworks/Python3.framework/Versions/3.9/lib/python3.9/socketserver.py", line 316, in _handle_request_noblock
    self.process_request(request, client_address)
  File "/Library/Developer/CommandLineTools/Library/Frameworks/Python3.framework/Versions/3.9/lib/python3.9/socketserver.py", line 347, in process_request
    self.finish_request(request, client_address)
  File "/Library/Developer/CommandLineTools/Library/Frameworks/Python3.framework/Versions/3.9/lib/python3.9/socketserver.py", line 360, in finish_request
    self.RequestHandlerClass(request, client_address, self)
  File "/Library/Developer/CommandLineTools/Library/Frameworks/Python3.framework/Versions/3.9/lib/python3.9/http/server.py", line 660, in __init__
    super().__init__(*args, **kwargs)
  File "/Library/Developer/CommandLineTools/Library/Frameworks/Python3.framework/Versions/3.9/lib/python3.9/socketserver.py", line 747, in __init__
    self.handle()
  File "/Library/Developer/CommandLineTools/Library/Frameworks/Python3.framework/Versions/3.9/lib/python3.9/http/server.py", line 434, in handle
    self.handle_one_request()
  File "/Library/Developer/CommandLineTools/Library/Frameworks/Python3.framework/Versions/3.9/lib/python3.9/http/server.py", line 422, in handle_one_request
    method()
  File "/Users/chuck/Project_Alpha_POC/Project_Sequoia/QA_terminal/server.py", line 265, in do_GET
    self.send_json({'error': str(e)}, status=500)
  File "/Users/chuck/Project_Alpha_POC/Project_Sequoia/QA_terminal/server.py", line 315, in send_json
    self.end_headers()
  File "/Library/Developer/CommandLineTools/Library/Frameworks/Python3.framework/Versions/3.9/lib/python3.9/http/server.py", line 536, in end_headers
    self.flush_headers()
  File "/Library/Developer/CommandLineTools/Library/Frameworks/Python3.framework/Versions/3.9/lib/python3.9/http/server.py", line 540, in flush_headers
    self.wfile.write(b"".join(self._headers_buffer))
  File "/Library/Developer/CommandLineTools/Library/Frameworks/Python3.framework/Versions/3.9/lib/python3.9/socketserver.py", line 826, in write
    self._sock.sendall(b)
BrokenPipeError: [Errno 32] Broken pipe
----------------------------------------
----------------------------------------
Exception occurred during processing of request from ('127.0.0.1', 51753)
Traceback (most recent call last):
  File "/Users/chuck/Project_Alpha_POC/Project_Sequoia/QA_terminal/server.py", line 262, in do_GET
    getattr(self, handler_name)(qs)
  File "/Users/chuck/Project_Alpha_POC/Project_Sequoia/QA_terminal/server.py", line 352, in handle_quotes
    self.send_json(get_quotes(tickers))
  File "/Users/chuck/Project_Alpha_POC/Project_Sequoia/QA_terminal/server.py", line 316, in send_json
    self.wfile.write(json.dumps(clean_dict(data), cls=SafeJSONEncoder).encode())
  File "/Library/Developer/CommandLineTools/Library/Frameworks/Python3.framework/Versions/3.9/lib/python3.9/socketserver.py", line 826, in write
    self._sock.sendall(b)
BrokenPipeError: [Errno 32] Broken pipe

During handling of the above exception, another exception occurred:

Traceback (most recent call last):
  File "/Library/Developer/CommandLineTools/Library/Frameworks/Python3.framework/Versions/3.9/lib/python3.9/socketserver.py", line 316, in _handle_request_noblock
    self.process_request(request, client_address)
  File "/Library/Developer/CommandLineTools/Library/Frameworks/Python3.framework/Versions/3.9/lib/python3.9/socketserver.py", line 347, in process_request
    self.finish_request(request, client_address)
  File "/Library/Developer/CommandLineTools/Library/Frameworks/Python3.framework/Versions/3.9/lib/python3.9/socketserver.py", line 360, in finish_request
    self.RequestHandlerClass(request, client_address, self)
  File "/Library/Developer/CommandLineTools/Library/Frameworks/Python3.framework/Versions/3.9/lib/python3.9/http/server.py", line 660, in __init__
    super().__init__(*args, **kwargs)
  File "/Library/Developer/CommandLineTools/Library/Frameworks/Python3.framework/Versions/3.9/lib/python3.9/socketserver.py", line 747, in __init__
    self.handle()
  File "/Library/Developer/CommandLineTools/Library/Frameworks/Python3.framework/Versions/3.9/lib/python3.9/http/server.py", line 434, in handle
    self.handle_one_request()
  File "/Library/Developer/CommandLineTools/Library/Frameworks/Python3.framework/Versions/3.9/lib/python3.9/http/server.py", line 422, in handle_one_request
    method()
  File "/Users/chuck/Project_Alpha_POC/Project_Sequoia/QA_terminal/server.py", line 265, in do_GET
    self.send_json({'error': str(e)}, status=500)
  File "/Users/chuck/Project_Alpha_POC/Project_Sequoia/QA_terminal/server.py", line 315, in send_json
    self.end_headers()
  File "/Library/Developer/CommandLineTools/Library/Frameworks/Python3.framework/Versions/3.9/lib/python3.9/http/server.py", line 536, in end_headers
    self.flush_headers()
  File "/Library/Developer/CommandLineTools/Library/Frameworks/Python3.framework/Versions/3.9/lib/python3.9/http/server.py", line 540, in flush_headers
    self.wfile.write(b"".join(self._headers_buffer))
  File "/Library/Developer/CommandLineTools/Library/Frameworks/Python3.framework/Versions/3.9/lib/python3.9/socketserver.py", line 826, in write
    self._sock.sendall(b)
BrokenPipeError: [Errno 32] Broken pipe
----------------------------------------
----------------------------------------
Exception occurred during processing of request from ('127.0.0.1', 51961)
Traceback (most recent call last):
  File "/Users/chuck/Project_Alpha_POC/Project_Sequoia/QA_terminal/server.py", line 262, in do_GET
    getattr(self, handler_name)(qs)
  File "/Users/chuck/Project_Alpha_POC/Project_Sequoia/QA_terminal/server.py", line 352, in handle_quotes
    self.send_json(get_quotes(tickers))
  File "/Users/chuck/Project_Alpha_POC/Project_Sequoia/QA_terminal/server.py", line 316, in send_json
    self.wfile.write(json.dumps(clean_dict(data), cls=SafeJSONEncoder).encode())
  File "/Library/Developer/CommandLineTools/Library/Frameworks/Python3.framework/Versions/3.9/lib/python3.9/socketserver.py", line 826, in write
    self._sock.sendall(b)
BrokenPipeError: [Errno 32] Broken pipe

During handling of the above exception, another exception occurred:

Traceback (most recent call last):
  File "/Library/Developer/CommandLineTools/Library/Frameworks/Python3.framework/Versions/3.9/lib/python3.9/socketserver.py", line 316, in _handle_request_noblock
    self.process_request(request, client_address)
  File "/Library/Developer/CommandLineTools/Library/Frameworks/Python3.framework/Versions/3.9/lib/python3.9/socketserver.py", line 347, in process_request
    self.finish_request(request, client_address)
  File "/Library/Developer/CommandLineTools/Library/Frameworks/Python3.framework/Versions/3.9/lib/python3.9/socketserver.py", line 360, in finish_request
    self.RequestHandlerClass(request, client_address, self)
  File "/Library/Developer/CommandLineTools/Library/Frameworks/Python3.framework/Versions/3.9/lib/python3.9/http/server.py", line 660, in __init__
    super().__init__(*args, **kwargs)
  File "/Library/Developer/CommandLineTools/Library/Frameworks/Python3.framework/Versions/3.9/lib/python3.9/socketserver.py", line 747, in __init__
    self.handle()
  File "/Library/Developer/CommandLineTools/Library/Frameworks/Python3.framework/Versions/3.9/lib/python3.9/http/server.py", line 434, in handle
    self.handle_one_request()
  File "/Library/Developer/CommandLineTools/Library/Frameworks/Python3.framework/Versions/3.9/lib/python3.9/http/server.py", line 422, in handle_one_request
    method()
  File "/Users/chuck/Project_Alpha_POC/Project_Sequoia/QA_terminal/server.py", line 265, in do_GET
    self.send_json({'error': str(e)}, status=500)
  File "/Users/chuck/Project_Alpha_POC/Project_Sequoia/QA_terminal/server.py", line 315, in send_json
    self.end_headers()
  File "/Library/Developer/CommandLineTools/Library/Frameworks/Python3.framework/Versions/3.9/lib/python3.9/http/server.py", line 536, in end_headers
    self.flush_headers()
  File "/Library/Developer/CommandLineTools/Library/Frameworks/Python3.framework/Versions/3.9/lib/python3.9/http/server.py", line 540, in flush_headers
    self.wfile.write(b"".join(self._headers_buffer))
  File "/Library/Developer/CommandLineTools/Library/Frameworks/Python3.framework/Versions/3.9/lib/python3.9/socketserver.py", line 826, in write
    self._sock.sendall(b)
BrokenPipeError: [Errno 32] Broken pipe
----------------------------------------
----------------------------------------
Exception occurred during processing of request from ('127.0.0.1', 51962)
Traceback (most recent call last):
  File "/Users/chuck/Project_Alpha_POC/Project_Sequoia/QA_terminal/server.py", line 262, in do_GET
    getattr(self, handler_name)(qs)
  File "/Users/chuck/Project_Alpha_POC/Project_Sequoia/QA_terminal/server.py", line 408, in handle_chart
    self.send_json(data)
  File "/Users/chuck/Project_Alpha_POC/Project_Sequoia/QA_terminal/server.py", line 316, in send_json
    self.wfile.write(json.dumps(clean_dict(data), cls=SafeJSONEncoder).encode())
  File "/Library/Developer/CommandLineTools/Library/Frameworks/Python3.framework/Versions/3.9/lib/python3.9/socketserver.py", line 826, in write
    self._sock.sendall(b)
BrokenPipeError: [Errno 32] Broken pipe

During handling of the above exception, another exception occurred:

Traceback (most recent call last):
  File "/Library/Developer/CommandLineTools/Library/Frameworks/Python3.framework/Versions/3.9/lib/python3.9/socketserver.py", line 316, in _handle_request_noblock
    self.process_request(request, client_address)
  File "/Library/Developer/CommandLineTools/Library/Frameworks/Python3.framework/Versions/3.9/lib/python3.9/socketserver.py", line 347, in process_request
    self.finish_request(request, client_address)
  File "/Library/Developer/CommandLineTools/Library/Frameworks/Python3.framework/Versions/3.9/lib/python3.9/socketserver.py", line 360, in finish_request
    self.RequestHandlerClass(request, client_address, self)
  File "/Library/Developer/CommandLineTools/Library/Frameworks/Python3.framework/Versions/3.9/lib/python3.9/http/server.py", line 660, in __init__
    super().__init__(*args, **kwargs)
  File "/Library/Developer/CommandLineTools/Library/Frameworks/Python3.framework/Versions/3.9/lib/python3.9/socketserver.py", line 747, in __init__
    self.handle()
  File "/Library/Developer/CommandLineTools/Library/Frameworks/Python3.framework/Versions/3.9/lib/python3.9/http/server.py", line 434, in handle
    self.handle_one_request()
  File "/Library/Developer/CommandLineTools/Library/Frameworks/Python3.framework/Versions/3.9/lib/python3.9/http/server.py", line 422, in handle_one_request
    method()
  File "/Users/chuck/Project_Alpha_POC/Project_Sequoia/QA_terminal/server.py", line 265, in do_GET
    self.send_json({'error': str(e)}, status=500)
  File "/Users/chuck/Project_Alpha_POC/Project_Sequoia/QA_terminal/server.py", line 315, in send_json
    self.end_headers()
  File "/Library/Developer/CommandLineTools/Library/Frameworks/Python3.framework/Versions/3.9/lib/python3.9/http/server.py", line 536, in end_headers
    self.flush_headers()
  File "/Library/Developer/CommandLineTools/Library/Frameworks/Python3.framework/Versions/3.9/lib/python3.9/http/server.py", line 540, in flush_headers
    self.wfile.write(b"".join(self._headers_buffer))
  File "/Library/Developer/CommandLineTools/Library/Frameworks/Python3.framework/Versions/3.9/lib/python3.9/socketserver.py", line 826, in write
    self._sock.sendall(b)
BrokenPipeError: [Errno 32] Broken pipe
----------------------------------------
----------------------------------------
Exception occurred during processing of request from ('127.0.0.1', 52052)
Traceback (most recent call last):
  File "/Users/chuck/Project_Alpha_POC/Project_Sequoia/QA_terminal/server.py", line 262, in do_GET
    getattr(self, handler_name)(qs)
  File "/Users/chuck/Project_Alpha_POC/Project_Sequoia/QA_terminal/server.py", line 352, in handle_quotes
    self.send_json(get_quotes(tickers))
  File "/Users/chuck/Project_Alpha_POC/Project_Sequoia/QA_terminal/server.py", line 316, in send_json
    self.wfile.write(json.dumps(clean_dict(data), cls=SafeJSONEncoder).encode())
  File "/Library/Developer/CommandLineTools/Library/Frameworks/Python3.framework/Versions/3.9/lib/python3.9/socketserver.py", line 826, in write
    self._sock.sendall(b)
BrokenPipeError: [Errno 32] Broken pipe

During handling of the above exception, another exception occurred:

Traceback (most recent call last):
  File "/Library/Developer/CommandLineTools/Library/Frameworks/Python3.framework/Versions/3.9/lib/python3.9/socketserver.py", line 316, in _handle_request_noblock
    self.process_request(request, client_address)
  File "/Library/Developer/CommandLineTools/Library/Frameworks/Python3.framework/Versions/3.9/lib/python3.9/socketserver.py", line 347, in process_request
    self.finish_request(request, client_address)
  File "/Library/Developer/CommandLineTools/Library/Frameworks/Python3.framework/Versions/3.9/lib/python3.9/socketserver.py", line 360, in finish_request
    self.RequestHandlerClass(request, client_address, self)
  File "/Library/Developer/CommandLineTools/Library/Frameworks/Python3.framework/Versions/3.9/lib/python3.9/http/server.py", line 660, in __init__
    super().__init__(*args, **kwargs)
  File "/Library/Developer/CommandLineTools/Library/Frameworks/Python3.framework/Versions/3.9/lib/python3.9/socketserver.py", line 747, in __init__
    self.handle()
  File "/Library/Developer/CommandLineTools/Library/Frameworks/Python3.framework/Versions/3.9/lib/python3.9/http/server.py", line 434, in handle
    self.handle_one_request()
  File "/Library/Developer/CommandLineTools/Library/Frameworks/Python3.framework/Versions/3.9/lib/python3.9/http/server.py", line 422, in handle_one_request
    method()
  File "/Users/chuck/Project_Alpha_POC/Project_Sequoia/QA_terminal/server.py", line 265, in do_GET
    self.send_json({'error': str(e)}, status=500)
  File "/Users/chuck/Project_Alpha_POC/Project_Sequoia/QA_terminal/server.py", line 315, in send_json
    self.end_headers()
  File "/Library/Developer/CommandLineTools/Library/Frameworks/Python3.framework/Versions/3.9/lib/python3.9/http/server.py", line 536, in end_headers
    self.flush_headers()
  File "/Library/Developer/CommandLineTools/Library/Frameworks/Python3.framework/Versions/3.9/lib/python3.9/http/server.py", line 540, in flush_headers
    self.wfile.write(b"".join(self._headers_buffer))
  File "/Library/Developer/CommandLineTools/Library/Frameworks/Python3.framework/Versions/3.9/lib/python3.9/socketserver.py", line 826, in write
    self._sock.sendall(b)
BrokenPipeError: [Errno 32] Broken pipe
----------------------------------------
----------------------------------------
Exception occurred during processing of request from ('127.0.0.1', 52058)
Traceback (most recent call last):
  File "/Users/chuck/Project_Alpha_POC/Project_Sequoia/QA_terminal/server.py", line 262, in do_GET
    getattr(self, handler_name)(qs)
  File "/Users/chuck/Project_Alpha_POC/Project_Sequoia/QA_terminal/server.py", line 399, in handle_expirations
    self.send_json({'ticker': ticker, 'expirations': expirations, 'standard': standard})
  File "/Users/chuck/Project_Alpha_POC/Project_Sequoia/QA_terminal/server.py", line 316, in send_json
    self.wfile.write(json.dumps(clean_dict(data), cls=SafeJSONEncoder).encode())
  File "/Library/Developer/CommandLineTools/Library/Frameworks/Python3.framework/Versions/3.9/lib/python3.9/socketserver.py", line 826, in write
    self._sock.sendall(b)
BrokenPipeError: [Errno 32] Broken pipe

During handling of the above exception, another exception occurred:

Traceback (most recent call last):
  File "/Library/Developer/CommandLineTools/Library/Frameworks/Python3.framework/Versions/3.9/lib/python3.9/socketserver.py", line 316, in _handle_request_noblock
    self.process_request(request, client_address)
  File "/Library/Developer/CommandLineTools/Library/Frameworks/Python3.framework/Versions/3.9/lib/python3.9/socketserver.py", line 347, in process_request
    self.finish_request(request, client_address)
  File "/Library/Developer/CommandLineTools/Library/Frameworks/Python3.framework/Versions/3.9/lib/python3.9/socketserver.py", line 360, in finish_request
    self.RequestHandlerClass(request, client_address, self)
  File "/Library/Developer/CommandLineTools/Library/Frameworks/Python3.framework/Versions/3.9/lib/python3.9/http/server.py", line 660, in __init__
    super().__init__(*args, **kwargs)
  File "/Library/Developer/CommandLineTools/Library/Frameworks/Python3.framework/Versions/3.9/lib/python3.9/socketserver.py", line 747, in __init__
    self.handle()
  File "/Library/Developer/CommandLineTools/Library/Frameworks/Python3.framework/Versions/3.9/lib/python3.9/http/server.py", line 434, in handle
    self.handle_one_request()
  File "/Library/Developer/CommandLineTools/Library/Frameworks/Python3.framework/Versions/3.9/lib/python3.9/http/server.py", line 422, in handle_one_request
    method()
  File "/Users/chuck/Project_Alpha_POC/Project_Sequoia/QA_terminal/server.py", line 265, in do_GET
    self.send_json({'error': str(e)}, status=500)
  File "/Users/chuck/Project_Alpha_POC/Project_Sequoia/QA_terminal/server.py", line 315, in send_json
    self.end_headers()
  File "/Library/Developer/CommandLineTools/Library/Frameworks/Python3.framework/Versions/3.9/lib/python3.9/http/server.py", line 536, in end_headers
    self.flush_headers()
  File "/Library/Developer/CommandLineTools/Library/Frameworks/Python3.framework/Versions/3.9/lib/python3.9/http/server.py", line 540, in flush_headers
    self.wfile.write(b"".join(self._headers_buffer))
  File "/Library/Developer/CommandLineTools/Library/Frameworks/Python3.framework/Versions/3.9/lib/python3.9/socketserver.py", line 826, in write
    self._sock.sendall(b)
BrokenPipeError: [Errno 32] Broken pipe
----------------------------------------
----------------------------------------
Exception occurred during processing of request from ('127.0.0.1', 52060)
Traceback (most recent call last):
  File "/Users/chuck/Project_Alpha_POC/Project_Sequoia/QA_terminal/server.py", line 262, in do_GET
    getattr(self, handler_name)(qs)
  File "/Users/chuck/Project_Alpha_POC/Project_Sequoia/QA_terminal/server.py", line 371, in handle_options
    self.send_json(options.get_options_chain(ticker, expiry, use_cache=False))
  File "/Users/chuck/Project_Alpha_POC/Project_Sequoia/QA_terminal/server.py", line 316, in send_json
    self.wfile.write(json.dumps(clean_dict(data), cls=SafeJSONEncoder).encode())
  File "/Library/Developer/CommandLineTools/Library/Frameworks/Python3.framework/Versions/3.9/lib/python3.9/socketserver.py", line 826, in write
    self._sock.sendall(b)
BrokenPipeError: [Errno 32] Broken pipe

During handling of the above exception, another exception occurred:

Traceback (most recent call last):
  File "/Library/Developer/CommandLineTools/Library/Frameworks/Python3.framework/Versions/3.9/lib/python3.9/socketserver.py", line 316, in _handle_request_noblock
    self.process_request(request, client_address)
  File "/Library/Developer/CommandLineTools/Library/Frameworks/Python3.framework/Versions/3.9/lib/python3.9/socketserver.py", line 347, in process_request
    self.finish_request(request, client_address)
  File "/Library/Developer/CommandLineTools/Library/Frameworks/Python3.framework/Versions/3.9/lib/python3.9/socketserver.py", line 360, in finish_request
    self.RequestHandlerClass(request, client_address, self)
  File "/Library/Developer/CommandLineTools/Library/Frameworks/Python3.framework/Versions/3.9/lib/python3.9/http/server.py", line 660, in __init__
    super().__init__(*args, **kwargs)
  File "/Library/Developer/CommandLineTools/Library/Frameworks/Python3.framework/Versions/3.9/lib/python3.9/socketserver.py", line 747, in __init__
    self.handle()
  File "/Library/Developer/CommandLineTools/Library/Frameworks/Python3.framework/Versions/3.9/lib/python3.9/http/server.py", line 434, in handle
    self.handle_one_request()
  File "/Library/Developer/CommandLineTools/Library/Frameworks/Python3.framework/Versions/3.9/lib/python3.9/http/server.py", line 422, in handle_one_request
    method()
  File "/Users/chuck/Project_Alpha_POC/Project_Sequoia/QA_terminal/server.py", line 265, in do_GET
    self.send_json({'error': str(e)}, status=500)
  File "/Users/chuck/Project_Alpha_POC/Project_Sequoia/QA_terminal/server.py", line 315, in send_json
    self.end_headers()
  File "/Library/Developer/CommandLineTools/Library/Frameworks/Python3.framework/Versions/3.9/lib/python3.9/http/server.py", line 536, in end_headers
    self.flush_headers()
  File "/Library/Developer/CommandLineTools/Library/Frameworks/Python3.framework/Versions/3.9/lib/python3.9/http/server.py", line 540, in flush_headers
    self.wfile.write(b"".join(self._headers_buffer))
  File "/Library/Developer/CommandLineTools/Library/Frameworks/Python3.framework/Versions/3.9/lib/python3.9/socketserver.py", line 826, in write
    self._sock.sendall(b)
BrokenPipeError: [Errno 32] Broken pipe
----------------------------------------
----------------------------------------
Exception occurred during processing of request from ('127.0.0.1', 52295)
Traceback (most recent call last):
  File "/Users/chuck/Project_Alpha_POC/Project_Sequoia/QA_terminal/server.py", line 262, in do_GET
    getattr(self, handler_name)(qs)
  File "/Users/chuck/Project_Alpha_POC/Project_Sequoia/QA_terminal/server.py", line 352, in handle_quotes
    self.send_json(get_quotes(tickers))
  File "/Users/chuck/Project_Alpha_POC/Project_Sequoia/QA_terminal/server.py", line 316, in send_json
    self.wfile.write(json.dumps(clean_dict(data), cls=SafeJSONEncoder).encode())
  File "/Library/Developer/CommandLineTools/Library/Frameworks/Python3.framework/Versions/3.9/lib/python3.9/socketserver.py", line 826, in write
    self._sock.sendall(b)
BrokenPipeError: [Errno 32] Broken pipe

During handling of the above exception, another exception occurred:

Traceback (most recent call last):
  File "/Library/Developer/CommandLineTools/Library/Frameworks/Python3.framework/Versions/3.9/lib/python3.9/socketserver.py", line 316, in _handle_request_noblock
    self.process_request(request, client_address)
  File "/Library/Developer/CommandLineTools/Library/Frameworks/Python3.framework/Versions/3.9/lib/python3.9/socketserver.py", line 347, in process_request
    self.finish_request(request, client_address)
  File "/Library/Developer/CommandLineTools/Library/Frameworks/Python3.framework/Versions/3.9/lib/python3.9/socketserver.py", line 360, in finish_request
    self.RequestHandlerClass(request, client_address, self)
  File "/Library/Developer/CommandLineTools/Library/Frameworks/Python3.framework/Versions/3.9/lib/python3.9/http/server.py", line 660, in __init__
    super().__init__(*args, **kwargs)
  File "/Library/Developer/CommandLineTools/Library/Frameworks/Python3.framework/Versions/3.9/lib/python3.9/socketserver.py", line 747, in __init__
    self.handle()
  File "/Library/Developer/CommandLineTools/Library/Frameworks/Python3.framework/Versions/3.9/lib/python3.9/http/server.py", line 434, in handle
    self.handle_one_request()
  File "/Library/Developer/CommandLineTools/Library/Frameworks/Python3.framework/Versions/3.9/lib/python3.9/http/server.py", line 422, in handle_one_request
    method()
  File "/Users/chuck/Project_Alpha_POC/Project_Sequoia/QA_terminal/server.py", line 265, in do_GET
    self.send_json({'error': str(e)}, status=500)
  File "/Users/chuck/Project_Alpha_POC/Project_Sequoia/QA_terminal/server.py", line 315, in send_json
    self.end_headers()
  File "/Library/Developer/CommandLineTools/Library/Frameworks/Python3.framework/Versions/3.9/lib/python3.9/http/server.py", line 536, in end_headers
    self.flush_headers()
  File "/Library/Developer/CommandLineTools/Library/Frameworks/Python3.framework/Versions/3.9/lib/python3.9/http/server.py", line 540, in flush_headers
    self.wfile.write(b"".join(self._headers_buffer))
  File "/Library/Developer/CommandLineTools/Library/Frameworks/Python3.framework/Versions/3.9/lib/python3.9/socketserver.py", line 826, in write
    self._sock.sendall(b)
BrokenPipeError: [Errno 32] Broken pipe
----------------------------------------
----------------------------------------
Exception occurred during processing of request from ('127.0.0.1', 52310)
Traceback (most recent call last):
  File "/Users/chuck/Project_Alpha_POC/Project_Sequoia/QA_terminal/server.py", line 262, in do_GET
    getattr(self, handler_name)(qs)
  File "/Users/chuck/Project_Alpha_POC/Project_Sequoia/QA_terminal/server.py", line 352, in handle_quotes
    self.send_json(get_quotes(tickers))
  File "/Users/chuck/Project_Alpha_POC/Project_Sequoia/QA_terminal/server.py", line 316, in send_json
    self.wfile.write(json.dumps(clean_dict(data), cls=SafeJSONEncoder).encode())
  File "/Library/Developer/CommandLineTools/Library/Frameworks/Python3.framework/Versions/3.9/lib/python3.9/socketserver.py", line 826, in write
    self._sock.sendall(b)
BrokenPipeError: [Errno 32] Broken pipe

During handling of the above exception, another exception occurred:

Traceback (most recent call last):
  File "/Library/Developer/CommandLineTools/Library/Frameworks/Python3.framework/Versions/3.9/lib/python3.9/socketserver.py", line 316, in _handle_request_noblock
    self.process_request(request, client_address)
  File "/Library/Developer/CommandLineTools/Library/Frameworks/Python3.framework/Versions/3.9/lib/python3.9/socketserver.py", line 347, in process_request
    self.finish_request(request, client_address)
  File "/Library/Developer/CommandLineTools/Library/Frameworks/Python3.framework/Versions/3.9/lib/python3.9/socketserver.py", line 360, in finish_request
    self.RequestHandlerClass(request, client_address, self)
  File "/Library/Developer/CommandLineTools/Library/Frameworks/Python3.framework/Versions/3.9/lib/python3.9/http/server.py", line 660, in __init__
    super().__init__(*args, **kwargs)
  File "/Library/Developer/CommandLineTools/Library/Frameworks/Python3.framework/Versions/3.9/lib/python3.9/socketserver.py", line 747, in __init__
    self.handle()
  File "/Library/Developer/CommandLineTools/Library/Frameworks/Python3.framework/Versions/3.9/lib/python3.9/http/server.py", line 434, in handle
    self.handle_one_request()
  File "/Library/Developer/CommandLineTools/Library/Frameworks/Python3.framework/Versions/3.9/lib/python3.9/http/server.py", line 422, in handle_one_request
    method()
  File "/Users/chuck/Project_Alpha_POC/Project_Sequoia/QA_terminal/server.py", line 265, in do_GET
    self.send_json({'error': str(e)}, status=500)
  File "/Users/chuck/Project_Alpha_POC/Project_Sequoia/QA_terminal/server.py", line 315, in send_json
    self.end_headers()
  File "/Library/Developer/CommandLineTools/Library/Frameworks/Python3.framework/Versions/3.9/lib/python3.9/http/server.py", line 536, in end_headers
    self.flush_headers()
  File "/Library/Developer/CommandLineTools/Library/Frameworks/Python3.framework/Versions/3.9/lib/python3.9/http/server.py", line 540, in flush_headers
    self.wfile.write(b"".join(self._headers_buffer))
  File "/Library/Developer/CommandLineTools/Library/Frameworks/Python3.framework/Versions/3.9/lib/python3.9/socketserver.py", line 826, in write
    self._sock.sendall(b)
BrokenPipeError: [Errno 32] Broken pipe
----------------------------------------
----------------------------------------
Exception occurred during processing of request from ('127.0.0.1', 52320)
Traceback (most recent call last):
  File "/Users/chuck/Project_Alpha_POC/Project_Sequoia/QA_terminal/server.py", line 262, in do_GET
    getattr(self, handler_name)(qs)
  File "/Users/chuck/Project_Alpha_POC/Project_Sequoia/QA_terminal/server.py", line 352, in handle_quotes
    self.send_json(get_quotes(tickers))
  File "/Users/chuck/Project_Alpha_POC/Project_Sequoia/QA_terminal/server.py", line 316, in send_json
    self.wfile.write(json.dumps(clean_dict(data), cls=SafeJSONEncoder).encode())
  File "/Library/Developer/CommandLineTools/Library/Frameworks/Python3.framework/Versions/3.9/lib/python3.9/socketserver.py", line 826, in write
    self._sock.sendall(b)
BrokenPipeError: [Errno 32] Broken pipe

During handling of the above exception, another exception occurred:

Traceback (most recent call last):
  File "/Library/Developer/CommandLineTools/Library/Frameworks/Python3.framework/Versions/3.9/lib/python3.9/socketserver.py", line 316, in _handle_request_noblock
    self.process_request(request, client_address)
  File "/Library/Developer/CommandLineTools/Library/Frameworks/Python3.framework/Versions/3.9/lib/python3.9/socketserver.py", line 347, in process_request
    self.finish_request(request, client_address)
  File "/Library/Developer/CommandLineTools/Library/Frameworks/Python3.framework/Versions/3.9/lib/python3.9/socketserver.py", line 360, in finish_request
    self.RequestHandlerClass(request, client_address, self)
  File "/Library/Developer/CommandLineTools/Library/Frameworks/Python3.framework/Versions/3.9/lib/python3.9/http/server.py", line 660, in __init__
    super().__init__(*args, **kwargs)
  File "/Library/Developer/CommandLineTools/Library/Frameworks/Python3.framework/Versions/3.9/lib/python3.9/socketserver.py", line 747, in __init__
    self.handle()
  File "/Library/Developer/CommandLineTools/Library/Frameworks/Python3.framework/Versions/3.9/lib/python3.9/http/server.py", line 434, in handle
    self.handle_one_request()
  File "/Library/Developer/CommandLineTools/Library/Frameworks/Python3.framework/Versions/3.9/lib/python3.9/http/server.py", line 422, in handle_one_request
    method()
  File "/Users/chuck/Project_Alpha_POC/Project_Sequoia/QA_terminal/server.py", line 265, in do_GET
    self.send_json({'error': str(e)}, status=500)
  File "/Users/chuck/Project_Alpha_POC/Project_Sequoia/QA_terminal/server.py", line 315, in send_json
    self.end_headers()
  File "/Library/Developer/CommandLineTools/Library/Frameworks/Python3.framework/Versions/3.9/lib/python3.9/http/server.py", line 536, in end_headers
    self.flush_headers()
  File "/Library/Developer/CommandLineTools/Library/Frameworks/Python3.framework/Versions/3.9/lib/python3.9/http/server.py", line 540, in flush_headers
    self.wfile.write(b"".join(self._headers_buffer))
  File "/Library/Developer/CommandLineTools/Library/Frameworks/Python3.framework/Versions/3.9/lib/python3.9/socketserver.py", line 826, in write
    self._sock.sendall(b)
BrokenPipeError: [Errno 32] Broken pipe
----------------------------------------
----------------------------------------
Exception occurred during processing of request from ('127.0.0.1', 52321)
Traceback (most recent call last):
  File "/Users/chuck/Project_Alpha_POC/Project_Sequoia/QA_terminal/server.py", line 262, in do_GET
    getattr(self, handler_name)(qs)
  File "/Users/chuck/Project_Alpha_POC/Project_Sequoia/QA_terminal/server.py", line 408, in handle_chart
    self.send_json(data)
  File "/Users/chuck/Project_Alpha_POC/Project_Sequoia/QA_terminal/server.py", line 316, in send_json
    self.wfile.write(json.dumps(clean_dict(data), cls=SafeJSONEncoder).encode())
  File "/Library/Developer/CommandLineTools/Library/Frameworks/Python3.framework/Versions/3.9/lib/python3.9/socketserver.py", line 826, in write
    self._sock.sendall(b)
BrokenPipeError: [Errno 32] Broken pipe

During handling of the above exception, another exception occurred:

Traceback (most recent call last):
  File "/Library/Developer/CommandLineTools/Library/Frameworks/Python3.framework/Versions/3.9/lib/python3.9/socketserver.py", line 316, in _handle_request_noblock
    self.process_request(request, client_address)
  File "/Library/Developer/CommandLineTools/Library/Frameworks/Python3.framework/Versions/3.9/lib/python3.9/socketserver.py", line 347, in process_request
    self.finish_request(request, client_address)
  File "/Library/Developer/CommandLineTools/Library/Frameworks/Python3.framework/Versions/3.9/lib/python3.9/socketserver.py", line 360, in finish_request
    self.RequestHandlerClass(request, client_address, self)
  File "/Library/Developer/CommandLineTools/Library/Frameworks/Python3.framework/Versions/3.9/lib/python3.9/http/server.py", line 660, in __init__
    super().__init__(*args, **kwargs)
  File "/Library/Developer/CommandLineTools/Library/Frameworks/Python3.framework/Versions/3.9/lib/python3.9/socketserver.py", line 747, in __init__
    self.handle()
  File "/Library/Developer/CommandLineTools/Library/Frameworks/Python3.framework/Versions/3.9/lib/python3.9/http/server.py", line 434, in handle
    self.handle_one_request()
  File "/Library/Developer/CommandLineTools/Library/Frameworks/Python3.framework/Versions/3.9/lib/python3.9/http/server.py", line 422, in handle_one_request
    method()
  File "/Users/chuck/Project_Alpha_POC/Project_Sequoia/QA_terminal/server.py", line 265, in do_GET
    self.send_json({'error': str(e)}, status=500)
  File "/Users/chuck/Project_Alpha_POC/Project_Sequoia/QA_terminal/server.py", line 315, in send_json
    self.end_headers()
  File "/Library/Developer/CommandLineTools/Library/Frameworks/Python3.framework/Versions/3.9/lib/python3.9/http/server.py", line 536, in end_headers
    self.flush_headers()
  File "/Library/Developer/CommandLineTools/Library/Frameworks/Python3.framework/Versions/3.9/lib/python3.9/http/server.py", line 540, in flush_headers
    self.wfile.write(b"".join(self._headers_buffer))
  File "/Library/Developer/CommandLineTools/Library/Frameworks/Python3.framework/Versions/3.9/lib/python3.9/socketserver.py", line 826, in write
    self._sock.sendall(b)
BrokenPipeError: [Errno 32] Broken pipe
----------------------------------------
----------------------------------------
Exception occurred during processing of request from ('127.0.0.1', 52718)
Traceback (most recent call last):
  File "/Users/chuck/Project_Alpha_POC/Project_Sequoia/QA_terminal/server.py", line 262, in do_GET
    getattr(self, handler_name)(qs)
  File "/Users/chuck/Project_Alpha_POC/Project_Sequoia/QA_terminal/server.py", line 352, in handle_quotes
    self.send_json(get_quotes(tickers))
  File "/Users/chuck/Project_Alpha_POC/Project_Sequoia/QA_terminal/server.py", line 316, in send_json
    self.wfile.write(json.dumps(clean_dict(data), cls=SafeJSONEncoder).encode())
  File "/Library/Developer/CommandLineTools/Library/Frameworks/Python3.framework/Versions/3.9/lib/python3.9/socketserver.py", line 826, in write
    self._sock.sendall(b)
BrokenPipeError: [Errno 32] Broken pipe

During handling of the above exception, another exception occurred:

Traceback (most recent call last):
  File "/Library/Developer/CommandLineTools/Library/Frameworks/Python3.framework/Versions/3.9/lib/python3.9/socketserver.py", line 316, in _handle_request_noblock
    self.process_request(request, client_address)
  File "/Library/Developer/CommandLineTools/Library/Frameworks/Python3.framework/Versions/3.9/lib/python3.9/socketserver.py", line 347, in process_request
    self.finish_request(request, client_address)
  File "/Library/Developer/CommandLineTools/Library/Frameworks/Python3.framework/Versions/3.9/lib/python3.9/socketserver.py", line 360, in finish_request
    self.RequestHandlerClass(request, client_address, self)
  File "/Library/Developer/CommandLineTools/Library/Frameworks/Python3.framework/Versions/3.9/lib/python3.9/http/server.py", line 660, in __init__
    super().__init__(*args, **kwargs)
  File "/Library/Developer/CommandLineTools/Library/Frameworks/Python3.framework/Versions/3.9/lib/python3.9/socketserver.py", line 747, in __init__
    self.handle()
  File "/Library/Developer/CommandLineTools/Library/Frameworks/Python3.framework/Versions/3.9/lib/python3.9/http/server.py", line 434, in handle
    self.handle_one_request()
  File "/Library/Developer/CommandLineTools/Library/Frameworks/Python3.framework/Versions/3.9/lib/python3.9/http/server.py", line 422, in handle_one_request
    method()
  File "/Users/chuck/Project_Alpha_POC/Project_Sequoia/QA_terminal/server.py", line 265, in do_GET
    self.send_json({'error': str(e)}, status=500)
  File "/Users/chuck/Project_Alpha_POC/Project_Sequoia/QA_terminal/server.py", line 315, in send_json
    self.end_headers()
  File "/Library/Developer/CommandLineTools/Library/Frameworks/Python3.framework/Versions/3.9/lib/python3.9/http/server.py", line 536, in end_headers
    self.flush_headers()
  File "/Library/Developer/CommandLineTools/Library/Frameworks/Python3.framework/Versions/3.9/lib/python3.9/http/server.py", line 540, in flush_headers
    self.wfile.write(b"".join(self._headers_buffer))
  File "/Library/Developer/CommandLineTools/Library/Frameworks/Python3.framework/Versions/3.9/lib/python3.9/socketserver.py", line 826, in write
    self._sock.sendall(b)
BrokenPipeError: [Errno 32] Broken pipe
----------------------------------------
----------------------------------------
Exception occurred during processing of request from ('127.0.0.1', 52759)
Traceback (most recent call last):
  File "/Users/chuck/Project_Alpha_POC/Project_Sequoia/QA_terminal/server.py", line 262, in do_GET
    getattr(self, handler_name)(qs)
  File "/Users/chuck/Project_Alpha_POC/Project_Sequoia/QA_terminal/server.py", line 352, in handle_quotes
    self.send_json(get_quotes(tickers))
  File "/Users/chuck/Project_Alpha_POC/Project_Sequoia/QA_terminal/server.py", line 316, in send_json
    self.wfile.write(json.dumps(clean_dict(data), cls=SafeJSONEncoder).encode())
  File "/Library/Developer/CommandLineTools/Library/Frameworks/Python3.framework/Versions/3.9/lib/python3.9/socketserver.py", line 826, in write
    self._sock.sendall(b)
BrokenPipeError: [Errno 32] Broken pipe

During handling of the above exception, another exception occurred:

Traceback (most recent call last):
  File "/Library/Developer/CommandLineTools/Library/Frameworks/Python3.framework/Versions/3.9/lib/python3.9/socketserver.py", line 316, in _handle_request_noblock
    self.process_request(request, client_address)
  File "/Library/Developer/CommandLineTools/Library/Frameworks/Python3.framework/Versions/3.9/lib/python3.9/socketserver.py", line 347, in process_request
    self.finish_request(request, client_address)
  File "/Library/Developer/CommandLineTools/Library/Frameworks/Python3.framework/Versions/3.9/lib/python3.9/socketserver.py", line 360, in finish_request
    self.RequestHandlerClass(request, client_address, self)
  File "/Library/Developer/CommandLineTools/Library/Frameworks/Python3.framework/Versions/3.9/lib/python3.9/http/server.py", line 660, in __init__
    super().__init__(*args, **kwargs)
  File "/Library/Developer/CommandLineTools/Library/Frameworks/Python3.framework/Versions/3.9/lib/python3.9/socketserver.py", line 747, in __init__
    self.handle()
  File "/Library/Developer/CommandLineTools/Library/Frameworks/Python3.framework/Versions/3.9/lib/python3.9/http/server.py", line 434, in handle
    self.handle_one_request()
  File "/Library/Developer/CommandLineTools/Library/Frameworks/Python3.framework/Versions/3.9/lib/python3.9/http/server.py", line 422, in handle_one_request
    method()
  File "/Users/chuck/Project_Alpha_POC/Project_Sequoia/QA_terminal/server.py", line 265, in do_GET
    self.send_json({'error': str(e)}, status=500)
  File "/Users/chuck/Project_Alpha_POC/Project_Sequoia/QA_terminal/server.py", line 315, in send_json
    self.end_headers()
  File "/Library/Developer/CommandLineTools/Library/Frameworks/Python3.framework/Versions/3.9/lib/python3.9/http/server.py", line 536, in end_headers
    self.flush_headers()
  File "/Library/Developer/CommandLineTools/Library/Frameworks/Python3.framework/Versions/3.9/lib/python3.9/http/server.py", line 540, in flush_headers
    self.wfile.write(b"".join(self._headers_buffer))
  File "/Library/Developer/CommandLineTools/Library/Frameworks/Python3.framework/Versions/3.9/lib/python3.9/socketserver.py", line 826, in write
    self._sock.sendall(b)
BrokenPipeError: [Errno 32] Broken pipe
----------------------------------------
----------------------------------------
Exception occurred during processing of request from ('127.0.0.1', 52993)
Traceback (most recent call last):
  File "/Users/chuck/Project_Alpha_POC/Project_Sequoia/QA_terminal/server.py", line 262, in do_GET
    getattr(self, handler_name)(qs)
  File "/Users/chuck/Project_Alpha_POC/Project_Sequoia/QA_terminal/server.py", line 352, in handle_quotes
    self.send_json(get_quotes(tickers))
  File "/Users/chuck/Project_Alpha_POC/Project_Sequoia/QA_terminal/server.py", line 316, in send_json
    self.wfile.write(json.dumps(clean_dict(data), cls=SafeJSONEncoder).encode())
  File "/Library/Developer/CommandLineTools/Library/Frameworks/Python3.framework/Versions/3.9/lib/python3.9/socketserver.py", line 826, in write
    self._sock.sendall(b)
BrokenPipeError: [Errno 32] Broken pipe

During handling of the above exception, another exception occurred:

Traceback (most recent call last):
  File "/Library/Developer/CommandLineTools/Library/Frameworks/Python3.framework/Versions/3.9/lib/python3.9/socketserver.py", line 316, in _handle_request_noblock
    self.process_request(request, client_address)
  File "/Library/Developer/CommandLineTools/Library/Frameworks/Python3.framework/Versions/3.9/lib/python3.9/socketserver.py", line 347, in process_request
    self.finish_request(request, client_address)
  File "/Library/Developer/CommandLineTools/Library/Frameworks/Python3.framework/Versions/3.9/lib/python3.9/socketserver.py", line 360, in finish_request
    self.RequestHandlerClass(request, client_address, self)
  File "/Library/Developer/CommandLineTools/Library/Frameworks/Python3.framework/Versions/3.9/lib/python3.9/http/server.py", line 660, in __init__
    super().__init__(*args, **kwargs)
  File "/Library/Developer/CommandLineTools/Library/Frameworks/Python3.framework/Versions/3.9/lib/python3.9/socketserver.py", line 747, in __init__
    self.handle()
  File "/Library/Developer/CommandLineTools/Library/Frameworks/Python3.framework/Versions/3.9/lib/python3.9/http/server.py", line 434, in handle
    self.handle_one_request()
  File "/Library/Developer/CommandLineTools/Library/Frameworks/Python3.framework/Versions/3.9/lib/python3.9/http/server.py", line 422, in handle_one_request
    method()
  File "/Users/chuck/Project_Alpha_POC/Project_Sequoia/QA_terminal/server.py", line 265, in do_GET
    self.send_json({'error': str(e)}, status=500)
  File "/Users/chuck/Project_Alpha_POC/Project_Sequoia/QA_terminal/server.py", line 315, in send_json
    self.end_headers()
  File "/Library/Developer/CommandLineTools/Library/Frameworks/Python3.framework/Versions/3.9/lib/python3.9/http/server.py", line 536, in end_headers
    self.flush_headers()
  File "/Library/Developer/CommandLineTools/Library/Frameworks/Python3.framework/Versions/3.9/lib/python3.9/http/server.py", line 540, in flush_headers
    self.wfile.write(b"".join(self._headers_buffer))
  File "/Library/Developer/CommandLineTools/Library/Frameworks/Python3.framework/Versions/3.9/lib/python3.9/socketserver.py", line 826, in write
    self._sock.sendall(b)
BrokenPipeError: [Errno 32] Broken pipe
----------------------------------------
----------------------------------------
Exception occurred during processing of request from ('127.0.0.1', 53197)
Traceback (most recent call last):
  File "/Users/chuck/Project_Alpha_POC/Project_Sequoia/QA_terminal/server.py", line 262, in do_GET
    getattr(self, handler_name)(qs)
  File "/Users/chuck/Project_Alpha_POC/Project_Sequoia/QA_terminal/server.py", line 352, in handle_quotes
    self.send_json(get_quotes(tickers))
  File "/Users/chuck/Project_Alpha_POC/Project_Sequoia/QA_terminal/server.py", line 316, in send_json
    self.wfile.write(json.dumps(clean_dict(data), cls=SafeJSONEncoder).encode())
  File "/Library/Developer/CommandLineTools/Library/Frameworks/Python3.framework/Versions/3.9/lib/python3.9/socketserver.py", line 826, in write
    self._sock.sendall(b)
BrokenPipeError: [Errno 32] Broken pipe

During handling of the above exception, another exception occurred:

Traceback (most recent call last):
  File "/Library/Developer/CommandLineTools/Library/Frameworks/Python3.framework/Versions/3.9/lib/python3.9/socketserver.py", line 316, in _handle_request_noblock
    self.process_request(request, client_address)
  File "/Library/Developer/CommandLineTools/Library/Frameworks/Python3.framework/Versions/3.9/lib/python3.9/socketserver.py", line 347, in process_request
    self.finish_request(request, client_address)
  File "/Library/Developer/CommandLineTools/Library/Frameworks/Python3.framework/Versions/3.9/lib/python3.9/socketserver.py", line 360, in finish_request
    self.RequestHandlerClass(request, client_address, self)
  File "/Library/Developer/CommandLineTools/Library/Frameworks/Python3.framework/Versions/3.9/lib/python3.9/http/server.py", line 660, in __init__
    super().__init__(*args, **kwargs)
  File "/Library/Developer/CommandLineTools/Library/Frameworks/Python3.framework/Versions/3.9/lib/python3.9/socketserver.py", line 747, in __init__
    self.handle()
  File "/Library/Developer/CommandLineTools/Library/Frameworks/Python3.framework/Versions/3.9/lib/python3.9/http/server.py", line 434, in handle
    self.handle_one_request()
  File "/Library/Developer/CommandLineTools/Library/Frameworks/Python3.framework/Versions/3.9/lib/python3.9/http/server.py", line 422, in handle_one_request
    method()
  File "/Users/chuck/Project_Alpha_POC/Project_Sequoia/QA_terminal/server.py", line 265, in do_GET
    self.send_json({'error': str(e)}, status=500)
  File "/Users/chuck/Project_Alpha_POC/Project_Sequoia/QA_terminal/server.py", line 315, in send_json
    self.end_headers()
  File "/Library/Developer/CommandLineTools/Library/Frameworks/Python3.framework/Versions/3.9/lib/python3.9/http/server.py", line 536, in end_headers
    self.flush_headers()
  File "/Library/Developer/CommandLineTools/Library/Frameworks/Python3.framework/Versions/3.9/lib/python3.9/http/server.py", line 540, in flush_headers
    self.wfile.write(b"".join(self._headers_buffer))
  File "/Library/Developer/CommandLineTools/Library/Frameworks/Python3.framework/Versions/3.9/lib/python3.9/socketserver.py", line 826, in write
    self._sock.sendall(b)
BrokenPipeError: [Errno 32] Broken pipe
----------------------------------------
----------------------------------------
Exception occurred during processing of request from ('127.0.0.1', 53198)
Traceback (most recent call last):
  File "/Users/chuck/Project_Alpha_POC/Project_Sequoia/QA_terminal/server.py", line 262, in do_GET
    getattr(self, handler_name)(qs)
  File "/Users/chuck/Project_Alpha_POC/Project_Sequoia/QA_terminal/server.py", line 408, in handle_chart
    self.send_json(data)
  File "/Users/chuck/Project_Alpha_POC/Project_Sequoia/QA_terminal/server.py", line 316, in send_json
    self.wfile.write(json.dumps(clean_dict(data), cls=SafeJSONEncoder).encode())
  File "/Library/Developer/CommandLineTools/Library/Frameworks/Python3.framework/Versions/3.9/lib/python3.9/socketserver.py", line 826, in write
    self._sock.sendall(b)
BrokenPipeError: [Errno 32] Broken pipe

During handling of the above exception, another exception occurred:

Traceback (most recent call last):
  File "/Library/Developer/CommandLineTools/Library/Frameworks/Python3.framework/Versions/3.9/lib/python3.9/socketserver.py", line 316, in _handle_request_noblock
    self.process_request(request, client_address)
  File "/Library/Developer/CommandLineTools/Library/Frameworks/Python3.framework/Versions/3.9/lib/python3.9/socketserver.py", line 347, in process_request
    self.finish_request(request, client_address)
  File "/Library/Developer/CommandLineTools/Library/Frameworks/Python3.framework/Versions/3.9/lib/python3.9/socketserver.py", line 360, in finish_request
    self.RequestHandlerClass(request, client_address, self)
  File "/Library/Developer/CommandLineTools/Library/Frameworks/Python3.framework/Versions/3.9/lib/python3.9/http/server.py", line 660, in __init__
    super().__init__(*args, **kwargs)
  File "/Library/Developer/CommandLineTools/Library/Frameworks/Python3.framework/Versions/3.9/lib/python3.9/socketserver.py", line 747, in __init__
    self.handle()
  File "/Library/Developer/CommandLineTools/Library/Frameworks/Python3.framework/Versions/3.9/lib/python3.9/http/server.py", line 434, in handle
    self.handle_one_request()
  File "/Library/Developer/CommandLineTools/Library/Frameworks/Python3.framework/Versions/3.9/lib/python3.9/http/server.py", line 422, in handle_one_request
    method()
  File "/Users/chuck/Project_Alpha_POC/Project_Sequoia/QA_terminal/server.py", line 265, in do_GET
    self.send_json({'error': str(e)}, status=500)
  File "/Users/chuck/Project_Alpha_POC/Project_Sequoia/QA_terminal/server.py", line 315, in send_json
    self.end_headers()
  File "/Library/Developer/CommandLineTools/Library/Frameworks/Python3.framework/Versions/3.9/lib/python3.9/http/server.py", line 536, in end_headers
    self.flush_headers()
  File "/Library/Developer/CommandLineTools/Library/Frameworks/Python3.framework/Versions/3.9/lib/python3.9/http/server.py", line 540, in flush_headers
    self.wfile.write(b"".join(self._headers_buffer))
  File "/Library/Developer/CommandLineTools/Library/Frameworks/Python3.framework/Versions/3.9/lib/python3.9/socketserver.py", line 826, in write
    self._sock.sendall(b)
BrokenPipeError: [Errno 32] Broken pipe
----------------------------------------
----------------------------------------
Exception occurred during processing of request from ('127.0.0.1', 53520)
Traceback (most recent call last):
  File "/Users/chuck/Project_Alpha_POC/Project_Sequoia/QA_terminal/server.py", line 262, in do_GET
    getattr(self, handler_name)(qs)
  File "/Users/chuck/Project_Alpha_POC/Project_Sequoia/QA_terminal/server.py", line 352, in handle_quotes
    self.send_json(get_quotes(tickers))
  File "/Users/chuck/Project_Alpha_POC/Project_Sequoia/QA_terminal/server.py", line 316, in send_json
    self.wfile.write(json.dumps(clean_dict(data), cls=SafeJSONEncoder).encode())
  File "/Library/Developer/CommandLineTools/Library/Frameworks/Python3.framework/Versions/3.9/lib/python3.9/socketserver.py", line 826, in write
    self._sock.sendall(b)
BrokenPipeError: [Errno 32] Broken pipe

During handling of the above exception, another exception occurred:

Traceback (most recent call last):
  File "/Library/Developer/CommandLineTools/Library/Frameworks/Python3.framework/Versions/3.9/lib/python3.9/socketserver.py", line 316, in _handle_request_noblock
    self.process_request(request, client_address)
  File "/Library/Developer/CommandLineTools/Library/Frameworks/Python3.framework/Versions/3.9/lib/python3.9/socketserver.py", line 347, in process_request
    self.finish_request(request, client_address)
  File "/Library/Developer/CommandLineTools/Library/Frameworks/Python3.framework/Versions/3.9/lib/python3.9/socketserver.py", line 360, in finish_request
    self.RequestHandlerClass(request, client_address, self)
  File "/Library/Developer/CommandLineTools/Library/Frameworks/Python3.framework/Versions/3.9/lib/python3.9/http/server.py", line 660, in __init__
    super().__init__(*args, **kwargs)
  File "/Library/Developer/CommandLineTools/Library/Frameworks/Python3.framework/Versions/3.9/lib/python3.9/socketserver.py", line 747, in __init__
    self.handle()
  File "/Library/Developer/CommandLineTools/Library/Frameworks/Python3.framework/Versions/3.9/lib/python3.9/http/server.py", line 434, in handle
    self.handle_one_request()
  File "/Library/Developer/CommandLineTools/Library/Frameworks/Python3.framework/Versions/3.9/lib/python3.9/http/server.py", line 422, in handle_one_request
    method()
  File "/Users/chuck/Project_Alpha_POC/Project_Sequoia/QA_terminal/server.py", line 265, in do_GET
    self.send_json({'error': str(e)}, status=500)
  File "/Users/chuck/Project_Alpha_POC/Project_Sequoia/QA_terminal/server.py", line 315, in send_json
    self.end_headers()
  File "/Library/Developer/CommandLineTools/Library/Frameworks/Python3.framework/Versions/3.9/lib/python3.9/http/server.py", line 536, in end_headers
    self.flush_headers()
  File "/Library/Developer/CommandLineTools/Library/Frameworks/Python3.framework/Versions/3.9/lib/python3.9/http/server.py", line 540, in flush_headers
    self.wfile.write(b"".join(self._headers_buffer))
  File "/Library/Developer/CommandLineTools/Library/Frameworks/Python3.framework/Versions/3.9/lib/python3.9/socketserver.py", line 826, in write
    self._sock.sendall(b)
BrokenPipeError: [Errno 32] Broken pipe
----------------------------------------
----------------------------------------
Exception occurred during processing of request from ('127.0.0.1', 53528)
Traceback (most recent call last):
  File "/Users/chuck/Project_Alpha_POC/Project_Sequoia/QA_terminal/server.py", line 262, in do_GET
    getattr(self, handler_name)(qs)
  File "/Users/chuck/Project_Alpha_POC/Project_Sequoia/QA_terminal/server.py", line 352, in handle_quotes
    self.send_json(get_quotes(tickers))
  File "/Users/chuck/Project_Alpha_POC/Project_Sequoia/QA_terminal/server.py", line 316, in send_json
    self.wfile.write(json.dumps(clean_dict(data), cls=SafeJSONEncoder).encode())
  File "/Library/Developer/CommandLineTools/Library/Frameworks/Python3.framework/Versions/3.9/lib/python3.9/socketserver.py", line 826, in write
    self._sock.sendall(b)
BrokenPipeError: [Errno 32] Broken pipe

During handling of the above exception, another exception occurred:

Traceback (most recent call last):
  File "/Library/Developer/CommandLineTools/Library/Frameworks/Python3.framework/Versions/3.9/lib/python3.9/socketserver.py", line 316, in _handle_request_noblock
    self.process_request(request, client_address)
  File "/Library/Developer/CommandLineTools/Library/Frameworks/Python3.framework/Versions/3.9/lib/python3.9/socketserver.py", line 347, in process_request
    self.finish_request(request, client_address)
  File "/Library/Developer/CommandLineTools/Library/Frameworks/Python3.framework/Versions/3.9/lib/python3.9/socketserver.py", line 360, in finish_request
    self.RequestHandlerClass(request, client_address, self)
  File "/Library/Developer/CommandLineTools/Library/Frameworks/Python3.framework/Versions/3.9/lib/python3.9/http/server.py", line 660, in __init__
    super().__init__(*args, **kwargs)
  File "/Library/Developer/CommandLineTools/Library/Frameworks/Python3.framework/Versions/3.9/lib/python3.9/socketserver.py", line 747, in __init__
    self.handle()
  File "/Library/Developer/CommandLineTools/Library/Frameworks/Python3.framework/Versions/3.9/lib/python3.9/http/server.py", line 434, in handle
    self.handle_one_request()
  File "/Library/Developer/CommandLineTools/Library/Frameworks/Python3.framework/Versions/3.9/lib/python3.9/http/server.py", line 422, in handle_one_request
    method()
  File "/Users/chuck/Project_Alpha_POC/Project_Sequoia/QA_terminal/server.py", line 265, in do_GET
    self.send_json({'error': str(e)}, status=500)
  File "/Users/chuck/Project_Alpha_POC/Project_Sequoia/QA_terminal/server.py", line 315, in send_json
    self.end_headers()
  File "/Library/Developer/CommandLineTools/Library/Frameworks/Python3.framework/Versions/3.9/lib/python3.9/http/server.py", line 536, in end_headers
    self.flush_headers()
  File "/Library/Developer/CommandLineTools/Library/Frameworks/Python3.framework/Versions/3.9/lib/python3.9/http/server.py", line 540, in flush_headers
    self.wfile.write(b"".join(self._headers_buffer))
  File "/Library/Developer/CommandLineTools/Library/Frameworks/Python3.framework/Versions/3.9/lib/python3.9/socketserver.py", line 826, in write
    self._sock.sendall(b)
BrokenPipeError: [Errno 32] Broken pipe
----------------------------------------
----------------------------------------
Exception occurred during processing of request from ('127.0.0.1', 54280)
Traceback (most recent call last):
  File "/Users/chuck/Project_Alpha_POC/Project_Sequoia/QA_terminal/server.py", line 262, in do_GET
    getattr(self, handler_name)(qs)
  File "/Users/chuck/Project_Alpha_POC/Project_Sequoia/QA_terminal/server.py", line 352, in handle_quotes
    self.send_json(get_quotes(tickers))
  File "/Users/chuck/Project_Alpha_POC/Project_Sequoia/QA_terminal/server.py", line 316, in send_json
    self.wfile.write(json.dumps(clean_dict(data), cls=SafeJSONEncoder).encode())
  File "/Library/Developer/CommandLineTools/Library/Frameworks/Python3.framework/Versions/3.9/lib/python3.9/socketserver.py", line 826, in write
    self._sock.sendall(b)
BrokenPipeError: [Errno 32] Broken pipe

During handling of the above exception, another exception occurred:

Traceback (most recent call last):
  File "/Library/Developer/CommandLineTools/Library/Frameworks/Python3.framework/Versions/3.9/lib/python3.9/socketserver.py", line 316, in _handle_request_noblock
    self.process_request(request, client_address)
  File "/Library/Developer/CommandLineTools/Library/Frameworks/Python3.framework/Versions/3.9/lib/python3.9/socketserver.py", line 347, in process_request
    self.finish_request(request, client_address)
  File "/Library/Developer/CommandLineTools/Library/Frameworks/Python3.framework/Versions/3.9/lib/python3.9/socketserver.py", line 360, in finish_request
    self.RequestHandlerClass(request, client_address, self)
  File "/Library/Developer/CommandLineTools/Library/Frameworks/Python3.framework/Versions/3.9/lib/python3.9/http/server.py", line 660, in __init__
    super().__init__(*args, **kwargs)
  File "/Library/Developer/CommandLineTools/Library/Frameworks/Python3.framework/Versions/3.9/lib/python3.9/socketserver.py", line 747, in __init__
    self.handle()
  File "/Library/Developer/CommandLineTools/Library/Frameworks/Python3.framework/Versions/3.9/lib/python3.9/http/server.py", line 434, in handle
    self.handle_one_request()
  File "/Library/Developer/CommandLineTools/Library/Frameworks/Python3.framework/Versions/3.9/lib/python3.9/http/server.py", line 422, in handle_one_request
    method()
  File "/Users/chuck/Project_Alpha_POC/Project_Sequoia/QA_terminal/server.py", line 265, in do_GET
    self.send_json({'error': str(e)}, status=500)
  File "/Users/chuck/Project_Alpha_POC/Project_Sequoia/QA_terminal/server.py", line 315, in send_json
    self.end_headers()
  File "/Library/Developer/CommandLineTools/Library/Frameworks/Python3.framework/Versions/3.9/lib/python3.9/http/server.py", line 536, in end_headers
    self.flush_headers()
  File "/Library/Developer/CommandLineTools/Library/Frameworks/Python3.framework/Versions/3.9/lib/python3.9/http/server.py", line 540, in flush_headers
    self.wfile.write(b"".join(self._headers_buffer))
  File "/Library/Developer/CommandLineTools/Library/Frameworks/Python3.framework/Versions/3.9/lib/python3.9/socketserver.py", line 826, in write
    self._sock.sendall(b)
BrokenPipeError: [Errno 32] Broken pipe
----------------------------------------
----------------------------------------
Exception occurred during processing of request from ('127.0.0.1', 54281)
Traceback (most recent call last):
  File "/Users/chuck/Project_Alpha_POC/Project_Sequoia/QA_terminal/server.py", line 262, in do_GET
    getattr(self, handler_name)(qs)
  File "/Users/chuck/Project_Alpha_POC/Project_Sequoia/QA_terminal/server.py", line 408, in handle_chart
    self.send_json(data)
  File "/Users/chuck/Project_Alpha_POC/Project_Sequoia/QA_terminal/server.py", line 316, in send_json
    self.wfile.write(json.dumps(clean_dict(data), cls=SafeJSONEncoder).encode())
  File "/Library/Developer/CommandLineTools/Library/Frameworks/Python3.framework/Versions/3.9/lib/python3.9/socketserver.py", line 826, in write
    self._sock.sendall(b)
BrokenPipeError: [Errno 32] Broken pipe

During handling of the above exception, another exception occurred:

Traceback (most recent call last):
  File "/Library/Developer/CommandLineTools/Library/Frameworks/Python3.framework/Versions/3.9/lib/python3.9/socketserver.py", line 316, in _handle_request_noblock
    self.process_request(request, client_address)
  File "/Library/Developer/CommandLineTools/Library/Frameworks/Python3.framework/Versions/3.9/lib/python3.9/socketserver.py", line 347, in process_request
    self.finish_request(request, client_address)
  File "/Library/Developer/CommandLineTools/Library/Frameworks/Python3.framework/Versions/3.9/lib/python3.9/socketserver.py", line 360, in finish_request
    self.RequestHandlerClass(request, client_address, self)
  File "/Library/Developer/CommandLineTools/Library/Frameworks/Python3.framework/Versions/3.9/lib/python3.9/http/server.py", line 660, in __init__
    super().__init__(*args, **kwargs)
  File "/Library/Developer/CommandLineTools/Library/Frameworks/Python3.framework/Versions/3.9/lib/python3.9/socketserver.py", line 747, in __init__
    self.handle()
  File "/Library/Developer/CommandLineTools/Library/Frameworks/Python3.framework/Versions/3.9/lib/python3.9/http/server.py", line 434, in handle
    self.handle_one_request()
  File "/Library/Developer/CommandLineTools/Library/Frameworks/Python3.framework/Versions/3.9/lib/python3.9/http/server.py", line 422, in handle_one_request
    method()
  File "/Users/chuck/Project_Alpha_POC/Project_Sequoia/QA_terminal/server.py", line 265, in do_GET
    self.send_json({'error': str(e)}, status=500)
  File "/Users/chuck/Project_Alpha_POC/Project_Sequoia/QA_terminal/server.py", line 315, in send_json
    self.end_headers()
  File "/Library/Developer/CommandLineTools/Library/Frameworks/Python3.framework/Versions/3.9/lib/python3.9/http/server.py", line 536, in end_headers
    self.flush_headers()
  File "/Library/Developer/CommandLineTools/Library/Frameworks/Python3.framework/Versions/3.9/lib/python3.9/http/server.py", line 540, in flush_headers
    self.wfile.write(b"".join(self._headers_buffer))
  File "/Library/Developer/CommandLineTools/Library/Frameworks/Python3.framework/Versions/3.9/lib/python3.9/socketserver.py", line 826, in write
    self._sock.sendall(b)
BrokenPipeError: [Errno 32] Broken pipe
----------------------------------------
